customer_id,name,email,usage_frequency,support_tickets,nps_score,health_score
2f1d0881-fefc-4e20-8d8e-ae77793ae1e3,Ray Lane,danielnorman@example.net,3,1,4,5.333333333333333
98c68a58-5b49-4799-92cc-1bb63973f74c,Lindsey Flowers,pcross@example.net,3,2,8,6.333333333333333
c398d317-4109-454d-b2bc-b05710548e61,Ryan Martin,james09@example.net,4,1,6,6.333333333333333
d913394a-a2a7-4371-852c-52376ed8111c,Jonathan Olsen,victoria86@example.com,5,4,3,4.666666666666667
2067ffbe-5ab7-474a-951d-905c5b868f3c,Matthew Nelson,patricknicole@example.net,3,1,2,4.666666666666667
79b98ae4-cbbc-407c-ad78-ecc2ac334a48,Christopher Ramos,hoffmangary@example.org,3,1,5,5.666666666666667
54489eb5-163f-4dca-97d4-ef7bbef0069d,Brenda Santos,jenkinscalvin@example.net,5,3,0,4.0
2b1aa068-e2c9-44c2-b345-f58ed78e0cc3,Christine Martin,kirkharris@example.net,5,1,1,5.0
ed86a340-5091-4b35-8eb4-330786c53d1e,John Cooper,latasha45@example.net,7,5,4,5.333333333333333
d8613bf7-4812-4594-b1ea-a255249b75b1,Robert Powers,laura90@example.net,4,3,3,4.666666666666667
fb505733-dcfd-49ac-b2fc-16c7fca890bb,Emily Proctor,milleralan@example.org,3,3,8,6.0
27e9dd85-257a-47e8-96ad-287414e57bda,Allison Nguyen,tammy71@example.com,7,1,1,5.666666666666667
9343e4ea-9f87-489e-9c23-357cd2f35a1f,Yvonne Odom,parksteven@example.com,2,1,4,5.0
755a4a04-3f55-46d6-a271-247c773fa2ed,Jon Tran,steven67@example.com,6,3,9,7.333333333333333
71b040bb-9230-4ac2-b1a2-73e3d67e7657,James Andrews,leslieburgess@example.net,2,3,2,3.6666666666666665
4bf9d73a-2b38-44f8-a625-2a5f6bc1d22b,Aaron Davis,frank66@example.net,5,3,3,5.0
96c47b03-13ff-4dab-b2f0-8dcc26b0c538,Jordan Nguyen,kathleen02@example.com,3,3,8,6.0
8ca0379c-df3a-40fc-bcf6-78ef8dfac4e3,James Cameron,garrett38@example.net,2,0,7,6.333333333333333
67256103-d9f3-471b-bc37-03c9da78b1bb,Tyler Dunlap,tiffany79@example.org,5,1,6,6.666666666666667
09595bb9-4e7e-45fd-a3ee-b4b51fe80687,Jacqueline White,imoore@example.com,5,1,3,5.666666666666667
47410961-27f7-4494-96c9-03bc094a18b7,Kathleen Lewis,marc47@example.net,6,2,6,6.666666666666667
39d67092-830c-4b36-be4b-3b6a94ee6c57,April Barnett,pcabrera@example.com,7,2,0,5.0
7728fd7c-b131-48ff-a36f-8f9843149c27,Kelli Williams,pbrown@example.com,6,5,1,4.0
7051d50e-da48-4b6b-be09-2acd1356991b,Ryan Anderson,stewarttammy@example.com,4,2,2,4.666666666666667
64b2051b-73a4-4e88-9b42-1ff61f5395cd,Kathleen Pena,jennifer31@example.com,5,0,8,7.666666666666667
c7ccf8fe-0a20-4b3f-85f6-27ee4603d8f1,Bryan Scott,gary84@example.com,4,1,0,4.333333333333333
a50bb41f-6827-4faa-a182-92f616fd8684,Jason Garcia,karen87@example.org,3,4,8,5.666666666666667
5cd80c91-5059-4bcf-aea2-460d6e60796b,Ashley Jones,lisa20@example.net,8,5,2,5.0
31a750b6-dc12-44e4-b086-659e8a5ed0e5,Roger Martin,martinezjerry@example.com,3,0,3,5.333333333333333
28ffa977-63ff-44d6-8ada-e9887cbeb475,Erin Parsons,hbriggs@example.net,7,0,8,8.333333333333334
aee7f841-feed-4717-b742-6c361432d9e2,Melissa Ford,santoswendy@example.org,8,2,5,7.0
c599c337-7232-4fd1-9e44-375d2c97625d,Karen Ross,jeremyrichardson@example.com,4,0,7,7.0
cbe4fc19-d1a5-4fcd-890a-0a9df68087c0,Alexis Small,nicholsoneric@example.com,8,2,3,6.333333333333333
dc3d4ace-0fb0-42c1-b0e3-ef21450e300c,James Novak,sara51@example.org,4,1,3,5.333333333333333
9e8eadb9-4423-4627-99d7-3d39c127e80c,April Jones,pamelamurillo@example.com,4,1,0,4.333333333333333
e1bebcc8-f810-42ce-85fc-d9a7b090b911,David Howell,davisalyssa@example.net,2,3,1,3.3333333333333335
1340dc2c-8d18-47b6-957b-f664a46f50c2,Mr. Dylan Webster,chaselaura@example.org,5,5,3,4.333333333333333
aca1426b-6590-4505-9e7d-48428db54390,Sarah Berg,rosekim@example.com,5,3,8,6.666666666666667
54870448-dbc1-4b55-8207-fcc19d464fa0,Jennifer Wilson,carrierose@example.com,10,2,8,8.666666666666666
aab79ef8-29d8-4a2b-b024-a688860bf59e,David Garcia,edward39@example.com,5,2,2,5.0
ea4df8f0-f74b-4766-89e2-a27730b5dce3,Andrew Turner,evanssuzanne@example.org,2,3,6,5.0
80f5fc47-15f2-4591-9678-1ad068855849,Joanna Jordan,jessica47@example.net,7,3,3,5.666666666666667
0d4e98f1-fff2-4a54-a4fe-aa6312d78634,Carlos Harris,amoore@example.org,4,3,1,4.0
a4d2c339-9da2-464c-81a0-f5364bdc4142,Sarah Ramirez,alexisrobinson@example.org,5,3,9,7.0
f84486ab-4502-4780-8984-71e0de0e5809,Sean Fowler,kibarra@example.com,8,2,0,5.333333333333333
cad700e6-e729-4494-b110-dd54c26b6641,Jared Smith,carl33@example.com,6,4,4,5.333333333333333
604e0f12-6217-47d9-8f60-feaa43dfee1c,Ashlee Gilbert,wilsonbrandi@example.org,6,2,9,7.666666666666667
6618b211-5abf-4ed5-ac99-04500a89f509,Matthew Blair,osmith@example.org,6,0,3,6.333333333333333
25e4737d-d555-4e35-92be-87b0fe03efbf,Deborah Taylor,omiller@example.net,9,3,4,6.666666666666667
831ab5ff-be49-4870-ac6a-dffd274b0734,Dr. Jody Bolton MD,psantiago@example.org,4,4,7,5.666666666666667
aa5294e3-94bc-432f-83cd-3517aae01ad3,Larry Atkins,pnelson@example.org,3,4,7,5.333333333333333
33fd51d3-0b00-40d8-8e0d-7fbcd85206b6,Crystal Moreno,jennifer32@example.com,6,3,1,4.666666666666667
6ef04bda-88a8-4b70-bfcc-478285eb2812,Nathan Buckley,allisonwilson@example.com,7,0,1,6.0
6395c91c-c52d-4c6c-8eff-d4868056889f,Deanna Cox,todd26@example.org,6,2,8,7.333333333333333
f3a92ba1-535c-4934-be8c-34b2dc2a87de,Linda Fuentes,eric63@example.net,7,2,9,8.0
2f884234-f9ff-4ead-b902-63c82609d0ce,Morgan Montoya,nathanieladams@example.net,10,3,9,8.666666666666666
b524bdb1-461a-4c99-ac52-edaff313ad9b,Lori Good DDS,thoward@example.com,5,2,3,5.333333333333333
1a040fce-d550-40be-829e-94441da8d354,Jessica Marquez,ykim@example.org,4,0,4,6.0
c047cadf-85eb-48f9-bfd3-9d48a6191dbc,Eric Holt,thompsonjesus@example.org,2,2,5,5.0
d15460a7-2384-4952-9016-2c588e2594c7,Donald Mitchell,umiller@example.net,4,5,3,4.0
bf0f0a69-5cd8-4db3-874b-2153d20cbf0d,Matthew Cohen,dustinhoffman@example.org,4,1,8,7.0
d02c5ccb-f1b5-49b6-9920-bd7462abaf0b,Kellie Summers DVM,george03@example.org,5,5,0,3.3333333333333335
75fd3023-4ae9-4b27-9096-aef435eca857,Dennis Reyes,ebaker@example.com,8,0,3,7.0
bf93dcac-8478-49fe-a9ac-c2cdf444a967,Ashley Vance,gjohnson@example.net,6,3,3,5.333333333333333
7ecbb25b-30f8-4dbc-a4fd-c4896b3c8f53,Sarah Mendez,alejandra67@example.net,4,3,8,6.333333333333333
ab4fbe58-2837-4ed8-8af0-015811c810b3,Joseph Jones,thomas09@example.com,5,2,5,6.0
b1c02577-c59f-4805-82dc-f6cdfe063602,William Haynes,wayne21@example.com,4,1,9,7.333333333333333
c385d227-b372-4303-b64d-77c67a8497ff,Kelly Morrow,bwilliams@example.org,10,2,9,9.0
9567472e-d010-4030-aa37-a597831208e6,Jason Freeman,ojohnson@example.net,4,2,3,5.0
05937735-9e5b-4e89-aaec-cf8706bbd9c1,Evan Curtis,abradshaw@example.com,6,1,5,6.666666666666667
f9f45e93-6160-4d67-a065-56dc26822dee,Mark Hughes,xmurray@example.net,7,2,9,8.0
4311ea38-6f81-45a7-9b62-96321a3d842f,Tammy Turner,marquezryan@example.net,3,1,3,5.0
9f42dca4-b656-4ccd-8629-1c806192a07b,Jennifer Sparks,julie21@example.com,3,2,5,5.333333333333333
07dfa783-ccb1-41ac-a53a-b5e7ed30bdb2,Charles Rogers,patricia44@example.com,5,3,5,5.666666666666667
c112ada1-105b-41e2-aae5-5bd06a63392f,Francisco Gonzalez,miranda67@example.com,1,5,7,4.333333333333333
61b2385d-0a45-41a8-bbcc-f0feb9d6c43f,Matthew Weaver,morenokatrina@example.org,5,1,2,5.333333333333333
b67b9aed-6056-4860-88ad-4047eaf4eb37,Tracy Rivas,jennifer87@example.net,6,2,2,5.333333333333333
1d6ef81d-4867-431a-b3ba-83b7b68fc58c,Kimberly Sutton,brian58@example.net,6,2,3,5.666666666666667
75a3df44-8835-46ac-ac32-35c2ba3e8d96,Patricia Escobar,joseph85@example.net,2,3,6,5.0
f32acdb2-5013-49c7-a905-2c0e05447b48,Brandon Sanders,gilmorelisa@example.net,4,5,4,4.333333333333333
b61e47b6-4d4f-442f-90cf-5367a04c51aa,Julia Beltran,vvasquez@example.org,5,2,5,6.0
3660b4f6-3f85-4546-b34d-cd3827e9aa3a,Connie Jimenez,cstevens@example.org,6,1,7,7.333333333333333
7f4d2d55-0ebc-4020-be53-137e8faa9811,Crystal Moon,tandrade@example.com,5,3,8,6.666666666666667
f993ef5c-0149-4f99-9222-88fcdf9ea3a9,Alexander Roberts,vanessarobbins@example.org,6,1,1,5.333333333333333
01d3d83e-b610-489e-8241-3ff3ce11b8d6,Derrick Warner,andre36@example.com,4,4,0,3.3333333333333335
0dcf6b36-343b-42fc-8e33-752872d5cc98,Gregg Kennedy,wilsonwendy@example.com,6,3,9,7.333333333333333
f1b82af4-bd04-4970-8648-bb03241baadf,David Walker,cainmark@example.org,4,1,6,6.333333333333333
e797e697-3f9e-4c56-a6fc-d4ed417d5a6d,Patrick Russell,reneerobinson@example.net,6,2,2,5.333333333333333
66082c6b-29df-4efc-839c-aa07ff605f3b,Rachael Phillips,oryan@example.net,5,2,3,5.333333333333333
e9fec186-47ac-48ec-8e61-c05b0ce97f45,Michael Miller,kingjames@example.net,4,5,6,5.0
8a982a9c-05db-4276-8e21-23c368caef6d,Danielle Lopez,pmurphy@example.com,4,2,9,7.0
fff7d1f6-edf7-40f8-8f01-23c0beb3d96d,Jessica Ramirez,ethomas@example.org,6,1,9,8.0
f6143c9b-35b7-430d-8c55-0f237a2aaf1c,Sara Jones,butlerphyllis@example.com,7,1,7,7.666666666666667
d6024203-8cbc-4fa4-b3ac-40a7195926a4,Isabel Olson,holly15@example.org,5,1,1,5.0
306cb034-bce5-4179-bc88-c4ef57285b90,Shane Jenkins,tracilarsen@example.org,6,3,0,4.333333333333333
5d8273cf-8970-4347-83d8-bda88751e979,Connie Schmidt,matthewprice@example.net,6,4,7,6.333333333333333
964614ee-85b7-4a21-b7df-48506a61155f,Emily Barnes,alewis@example.com,2,0,0,4.0
5391ffdc-b2a6-4dc2-bb1b-b666180d9458,Kristin Peters,timothy18@example.org,3,3,2,4.0
8d3e16c6-2800-49eb-99d9-7b791117682b,Matthew Clark,tweiss@example.org,4,2,4,5.333333333333333
e7010f5e-dcba-4d6b-86a0-2d4373cf59ad,Samantha Padilla,ritastewart@example.org,10,1,2,7.0
a87a7654-8494-4830-a2da-81a0ecb2650a,Michael Flores,stevencox@example.net,6,1,6,7.0
c235b8ae-81f7-4f18-ba6e-e8ee562a7223,Lisa Townsend,allenkelsey@example.org,7,1,9,8.333333333333334
7bfa4d1c-74e2-4f90-b92a-925d008959b5,Jeffrey Anderson,brightashley@example.com,8,2,5,7.0
60081f72-6453-4e4c-87ba-89d7771b616b,Natasha Weaver,eddie08@example.net,4,3,4,5.0
58dff320-e9c5-4381-a6b4-32753b98d86d,Jennifer Williams,nwilliams@example.com,6,5,8,6.333333333333333
3274e08a-29e7-4c04-9e7b-b3a6b697ad48,Stephanie Cummings,thomas89@example.com,2,4,1,3.0
d7fd47d9-733e-4d36-b3ca-de7da1bb7fb5,Jonathan Smith,wattsjesus@example.com,4,2,3,5.0
ec7ef196-6ff2-40af-b08f-e4d85156434d,Desiree Simpson,sara89@example.org,2,2,7,5.666666666666667
d4d7f0fb-79ee-4c49-b312-2b2eb6ee91b7,Kathryn James,tristanharris@example.com,4,3,2,4.333333333333333
8e275002-35fe-4d1c-ace0-4c6d1873b2bf,Brianna Castro,marissakline@example.org,6,1,9,8.0
0aa149c7-8832-46b1-9939-166e0c6e8013,David Brown,davisann@example.org,5,4,7,6.0
dc3867d6-3d15-4b93-bdf3-2c82fc2fc98a,Kerri Collins,victoria01@example.net,3,1,1,4.333333333333333
3abf108c-b07d-4849-acc1-dd617971822a,Mark Thomas,blankenshipcharles@example.net,2,1,6,5.666666666666667
70da3b0a-90ff-4ede-a30b-3977d919767d,Joseph Andrews,levinemarc@example.org,7,2,5,6.666666666666667
fc0aaa4e-67ec-4e3d-989f-42360bbdeb16,Luis Williamson,sharonbriggs@example.net,4,0,7,7.0
38642bab-d8d4-423b-977f-27adca52b068,Matthew Collins,sanderson@example.com,4,2,7,6.333333333333333
c37bcc95-6cf0-4732-9e7b-8c5708f312f0,Alan Flores,izavala@example.org,6,3,3,5.333333333333333
39fdfa33-f542-4e4e-9dd9-ddc0d4da19e0,Michael Mercado,whitney41@example.org,8,1,9,8.666666666666666
2d66c127-1aaa-4503-a7a8-3baaa31dd2c7,Mario Proctor,cynthialawrence@example.com,4,2,1,4.333333333333333
9e1b1d9e-592b-4420-b707-9bafde0ba6af,Brett Wright,hcardenas@example.net,1,1,6,5.333333333333333
35adcd18-a472-414d-821b-d86ae49a3f53,Garrett Moore,scottdixon@example.org,8,2,8,8.0
6c29f73c-bce5-446c-99d5-85176b1877be,Hunter Jackson,philipallen@example.net,3,1,4,5.333333333333333
9e3080f8-f603-41be-b7c7-5aca8135095b,Travis Mathis,timothypark@example.org,3,1,0,4.0
da6f887c-d617-4466-b1bc-86a3eb7146be,Rebecca Solis,leefrances@example.org,6,1,2,5.666666666666667
835e41a0-469e-43f4-89d1-f73230ab65bd,Michelle Silva,jose59@example.net,2,1,5,5.333333333333333
f16639e0-fc48-4bb5-ad29-1696edf86390,Shari Austin,pberger@example.com,4,5,8,5.666666666666667
5e7e227b-383d-4f9f-9659-1bb196124a56,Preston Chambers,gmayer@example.org,4,3,7,6.0
d28cd478-6a0b-4aed-b050-3d50c7761a9a,Joseph Wright,jennifer80@example.org,5,1,9,7.666666666666667
620ffe97-f5a9-47ef-b4e8-741045b58101,Darren Wilson,kevinandrews@example.com,3,1,5,5.666666666666667
78b004f1-a0ad-40ca-be8e-13dbdc8c7fea,Tiffany Moore,shane78@example.net,8,1,2,6.333333333333333
dc1554d7-c334-4807-8235-65533d2c6d18,Caroline Hernandez,brittanywaller@example.org,8,1,7,8.0
cbb3dd48-ac67-4056-ad2c-89ab4cd3e6db,Joshua Wolfe,littlejim@example.net,5,0,9,8.0
ca719a93-94b9-44fb-a21a-594dbf35d1e0,Kelly Robinson,ediaz@example.net,2,2,6,5.333333333333333
e536bf80-62cb-4e71-9971-8734bbfe65fb,Ann Henry,spearsrebecca@example.com,5,1,4,6.0
c76cd731-08a4-4f30-9ddf-99e93dbe1528,Edward Williams,ygonzalez@example.org,5,1,2,5.333333333333333
e9a981cb-51e2-4140-961f-854908b68378,Katie Johnson,annamccann@example.net,2,2,6,5.333333333333333
d7d773d0-e748-4b3f-b9da-68257a57c97c,Donald Schroeder,clarkashley@example.org,5,2,0,4.333333333333333
bcbcd6df-9632-4f60-a1ee-efc62317bac6,Michael Brown,jason84@example.net,6,1,1,5.333333333333333
f4996790-9b7b-44de-a5e6-17ff8102e0e2,Larry Jones,gomezkelly@example.org,4,3,3,4.666666666666667
65f72e41-f4df-4a7d-99c2-7f2111995ce4,Shelby Pierce,kimberlyhiggins@example.net,2,3,3,4.0
2f59e2fe-6580-471c-849b-740d1d0b31a9,Christopher Martinez,fhudson@example.org,6,3,4,5.666666666666667
e1870d52-87d4-4841-9543-b8955697684e,Richard Mckenzie,sarah30@example.com,11,1,0,6.666666666666667
d718314d-f4a8-459b-894b-796c6414129d,Randy Castro,michael73@example.com,3,2,8,6.333333333333333
0dd79990-8fc3-45f2-aca5-7632ec396141,David Mckee,garrettpeter@example.net,4,5,9,6.0
dba748fe-8978-4c88-9624-5b1d1f245f11,Lindsay Sharp,alicia92@example.net,5,3,1,4.333333333333333
5bf5666c-b7b9-4a13-8def-9b8c7077bda1,Randall Brown,htucker@example.org,3,1,4,5.333333333333333
37125f3a-1cb0-4c90-8487-2a1525734e7b,Jasmin Smith,douglaslewis@example.com,2,3,4,4.333333333333333
7d7cc13a-d1fc-43a9-81ad-5640fb85e633,Nathan Torres,joel74@example.com,4,1,9,7.333333333333333
6c5e00fd-aeb4-4484-95ff-47489b37fc58,Kimberly Lopez,pamela05@example.org,7,0,6,7.666666666666667
7c7eb1e9-5ba3-4d17-ae26-66574a2cb6c8,Kevin Young,ldudley@example.org,5,2,3,5.333333333333333
0b18fcd3-47b5-4bda-a75f-dd5d4fce3142,Jessica Villarreal,joseph87@example.org,5,0,5,6.666666666666667
e50c60ba-0a7c-4763-b232-fc7c96a8f109,Kimberly Day,kathleen93@example.com,3,4,3,4.0
84e4639d-3712-4f0f-9e28-427ae5cf5a0d,Rodney Brown,sandra12@example.org,2,1,0,3.6666666666666665
fc23c921-ad64-49b7-aded-2c3cb514c9a9,Andrew Brady,thomasjason@example.net,6,0,0,5.333333333333333
15b9a58c-0916-483c-a6e3-7e414fcf36ed,Kevin Todd,chandlerchristian@example.net,7,2,1,5.333333333333333
1f5ea156-8b89-423c-b881-32886ffeb77d,Cynthia Robinson,kennethsmith@example.net,10,0,6,8.666666666666666
1dbde1c1-9bce-404e-af06-49c27c57ed3d,Kathy Levy,jason37@example.net,3,3,3,4.333333333333333
c2270f1a-4d34-443a-8250-19e421303ad1,Colleen Jackson,gilbertnicole@example.com,4,2,5,5.666666666666667
0d00a24b-05e5-44e2-a68d-f8c8fa2e9a82,Mark Hays,justinrobinson@example.net,7,0,1,6.0
19c0b63a-4927-42e5-883f-294b87a9d943,Kathy Poole,debra89@example.org,6,3,5,6.0
5d18206f-377d-4df5-acf1-ad5759dff54a,Renee Garcia,nicoleperry@example.net,10,1,7,8.666666666666666
ec6a126e-0fcc-4968-9577-79246f0d2ed5,Keith White,rhawkins@example.com,6,4,6,6.0
5e69c198-f91b-4e42-bc73-4c03fe4d0a25,Robert King,umassey@example.net,6,3,3,5.333333333333333
935ff458-5eab-495b-9d5c-6c96f990a0cd,Charles Davidson,sharistein@example.net,2,4,1,3.0
d1cbe6bc-5a07-4858-ba9c-ce3c7f321aab,Herbert Gray,gonzalezcurtis@example.com,8,0,1,6.333333333333333
25b67b0f-928c-4e5a-83f4-384e0d838f14,Matthew Leon,wilcoxsarah@example.com,2,4,7,5.0
966e0122-c4f4-4f85-8bd6-a11fac907d4d,Tony Harris,kimberlyanderson@example.net,4,3,7,6.0
4ea45ab9-d038-489e-bfdf-84d8339712a3,Casey Richard,cwelch@example.net,7,0,0,5.666666666666667
5293ca8a-6efa-42b2-8f11-7d6df56fba9f,Carol Harrell,chad61@example.org,7,1,2,6.0
888633fe-d059-4055-b70a-e09cc05c8d7f,Dawn Johnston,sandraharris@example.com,1,0,0,3.6666666666666665
e40b2056-fbea-4724-b90b-1f4d41b7a394,Jeffrey French,lindsaythomas@example.com,9,4,6,7.0
1a0dc735-63f7-4e53-8980-5274e06f5528,Ryan Ferguson,heather59@example.com,3,6,1,2.6666666666666665
4d0ce048-dbf7-45df-b194-c9c12abce92c,Jessica Lopez,melissa71@example.org,6,2,3,5.666666666666667
49df1473-2d89-453a-b9b9-7d7939e4cad9,Julia Gilmore,kelly67@example.net,3,2,7,6.0
93fca301-8d0d-4bea-a74a-63bff9714b88,Jennifer Davis,ashley48@example.net,8,4,1,5.0
9105a15e-d3b1-4ba5-86da-9ce78dbc6688,Nicole Hall,griffinkatherine@example.com,7,1,4,6.666666666666667
c7764a1e-3e95-45a5-8fdd-4a20d9bdd7cf,Dominic Rogers,christiankevin@example.com,3,2,5,5.333333333333333
50c807bb-bdbd-49af-b35c-7175b28a4a32,Beverly Braun,nicoleholmes@example.com,7,3,0,4.666666666666667
59d2d54c-e36f-4c7f-b811-1bc8bb9a0ee5,Michael Walker,johnsonadrian@example.org,11,1,0,6.666666666666667
f164ad77-846e-4662-ad19-2dc4df056ed4,Isaac Stewart,thomasdaniels@example.net,10,1,5,8.0
6e0ceaec-6fe1-46c4-9a6a-7b408dd6ecaa,Mary Hernandez,bmason@example.com,4,4,1,3.6666666666666665
54fae08d-3d0c-4ebb-865e-f79654591a90,Tristan Higgins,bradjames@example.org,7,3,7,7.0
8bc9b5d0-0d5c-4d00-a18b-3ed4a03f6d18,Kimberly Rose,matthewhurst@example.org,4,2,9,7.0
3d3a94f9-d771-442b-b817-fc399c2483f5,Hannah Lewis,dennis72@example.net,8,6,3,5.0
24934d2c-b937-4070-9835-eadb7f73b2ce,Larry Hanson,leebrett@example.net,7,1,5,7.0
1e5e18a9-3a4f-4c6a-bd63-86c079726769,Natalie Scott,kevinhoward@example.com,5,1,4,6.0
206e57bd-554f-4a72-a65f-716997ce70f8,Shelly Marks,robert15@example.net,2,2,1,3.6666666666666665
0c2e669d-166a-4e69-b717-64a8a9264ef1,Christian Hodges,bvaughn@example.org,1,4,5,4.0
01fc4a7c-4ed4-4628-a0b6-37b029d17472,Thomas Rocha,rachel65@example.org,6,1,9,8.0
c5c6a717-fac2-4d56-84c7-747bb3c7e0f6,Hannah Smith,wmclaughlin@example.org,3,0,3,5.333333333333333
b95cc683-1108-464b-9194-9db8c81157ca,Larry Smith,matthew97@example.com,6,0,3,6.333333333333333
ed3752b4-267a-44e7-aede-a84b7eb82c15,Steven Fisher,melissarandolph@example.net,4,0,9,7.666666666666667
b8b054fb-0099-4fb0-add5-7d7ce9c1f2ea,Julie Perkins,melissahodge@example.org,3,3,4,4.666666666666667
bd02b57b-f4c5-4f75-8eaa-4f3707dbb50b,Alice Shah,erica88@example.org,9,2,9,8.666666666666666
d1b21bc0-84f8-4d73-8cc1-c64eeac8ce66,Charles Howard,christopherrice@example.org,5,0,5,6.666666666666667
3d155b69-5ee8-472f-9a82-61cefd61a997,Katelyn Gibson,megan55@example.com,6,1,8,7.666666666666667
3351830b-99b9-48a3-bc72-3d458cc21ba6,Madison Vang,williamsmichael@example.com,11,2,7,8.666666666666666
e4e3509a-a45d-4282-924f-669055e40675,Christopher Johnson,vleonard@example.com,6,1,9,8.0
ca5888dd-ff65-4af2-8ba5-7189c5065d63,Jennifer Ashley,markperez@example.com,6,1,6,7.0
6cdc163d-334d-4957-96f0-2c9f5eee4baa,Michelle Foley,matthewdelacruz@example.com,8,1,6,7.666666666666667
5f7a25e2-803c-4f7e-9d7d-8f74e55715ce,Francis Austin,hannahvillarreal@example.com,4,3,1,4.0
86426799-af10-483a-b404-d5b154906f38,Matthew Vasquez,joannaortega@example.net,8,2,9,8.333333333333334
4f6fe7e9-5a42-4dc1-978a-35f80b29b004,Rachael Taylor,kaitlyn24@example.com,3,3,9,6.333333333333333
edf6f339-c3c6-474d-88b6-94650b131682,Angela Chavez,hhenderson@example.net,5,0,4,6.333333333333333
7bf6afd2-e19d-4a00-8d5c-8931de98a08b,Kristina Walker,susan22@example.net,4,3,0,3.6666666666666665
8a04a637-76f0-45c3-8ff0-9fa42b84fe2c,Christina Sanders,jermainemyers@example.com,5,1,8,7.333333333333333
ef1f29a7-803f-494b-9af5-ce4284f9bf12,Julie Thomas,jacksoneric@example.org,4,1,1,4.666666666666667
2cd70322-f1fd-45fc-8539-1e7531166b10,Christopher Jones,fknight@example.com,6,4,3,5.0
d6a1f75a-60b2-452f-90f1-e4a4194d2b92,Arthur Graves,idowns@example.org,4,2,9,7.0
7303400f-5b3a-40d6-adc7-76e939fbfc52,Tara Lutz,john24@example.net,5,0,5,6.666666666666667
da6f7b6a-1638-4d8b-aa88-de7d98b568a2,Evelyn Matthews,mtravis@example.net,2,1,3,4.666666666666667
451dd5e3-2b1a-4b4f-a825-64999ec8368f,Allison Buchanan,washingtonhannah@example.net,2,3,5,4.666666666666667
67f68c4a-e54f-4ee7-827b-1b0f09ebb406,Kelly Lawrence,pateljared@example.net,7,2,1,5.333333333333333
3b78aade-3de4-4cb0-9c36-d3c5b9812ed2,Roy Schaefer,geverett@example.org,5,2,4,5.666666666666667
5b5d38f9-4b50-44e9-a60b-52f49224d9a7,Scott James,benjaminharrison@example.com,1,2,7,5.333333333333333
99f4fa93-fec6-4843-b353-fd566119c843,Tina Strickland,penny65@example.com,8,4,7,7.0
920a542f-0428-4e5c-b658-1138b3a542e4,Randall Clayton,christopher63@example.com,6,2,9,7.666666666666667
f34dc71a-3724-4e80-b9c3-9877ded97c0a,Brianna Anderson,melissacastaneda@example.org,6,0,8,8.0
6195af21-a393-423e-889f-01325325f4d1,Gabriel Garcia,palmerbrandon@example.com,7,3,0,4.666666666666667
c484550f-7218-4320-9492-3c194ee62575,Haley Price,ijoseph@example.net,2,1,9,6.666666666666667
0569cb54-48b0-4c17-a8a7-74998bf2072f,Rhonda Morrison,vnorris@example.org,6,7,6,5.0
fcf52201-be33-428e-9bb9-071d95ddad1e,Jeffrey Peterson,bridget66@example.net,4,3,7,6.0
04229307-769a-4fce-a016-33845279a6d9,Angela Levy,boltonann@example.org,8,4,8,7.333333333333333
8343f74e-4872-430f-a5ba-4df96c68c5d3,Sarah Russell,teresa19@example.com,6,0,8,8.0
2cd95905-01da-459d-a42d-9a81d1bdc104,Luke Ellis,christina73@example.org,9,1,6,8.0
d2d48a7a-fe41-4b9f-b187-696b60c5844f,Cathy Espinoza,reedlaurie@example.com,2,0,9,7.0
23268729-261d-41af-8f84-90fdb5035e3c,Sabrina Hall,brooke76@example.org,3,1,1,4.333333333333333
dc5123e8-838c-49c9-9d61-4865f96a6fa0,Shelby Lee,gonzalezdonald@example.org,2,2,0,3.3333333333333335
bbee66ce-b61b-4c8a-b4e7-fa7298416d48,Ana Shaw,johnkent@example.com,9,4,1,5.333333333333333
5aa7db5b-a7d9-418e-8f38-e4e5e11476bc,Anthony Nielsen,rebeccagarrison@example.com,6,1,1,5.333333333333333
64600969-6e4a-4f6d-9129-ade866c39253,Taylor Bennett,andre94@example.net,5,3,3,5.0
0e8e4e01-d12e-4aa4-ba13-d3f1ab18f3a4,Trevor Perry,rachelshepherd@example.com,0,3,5,4.0
1f113bb3-7ec4-4dd7-a837-403efc9d0240,Jennifer Lam,milessarah@example.net,5,1,5,6.333333333333333
7db69978-693a-4fae-bb66-4498d4be4714,Daniel Carrillo,corydunn@example.org,7,2,8,7.666666666666667
0aa9eeac-39a0-45f7-b097-58f5f7be6eaa,Alexis Nash,kenneththomas@example.net,6,2,0,4.666666666666667
b21d050e-51f3-43f8-883b-25c29e5d55f5,Jacob Mcclain,lindsay97@example.com,6,2,9,7.666666666666667
3c3a6131-b4e5-454f-b6e3-4136f474107c,Amanda Marquez,mariaray@example.com,10,2,7,8.333333333333334
ddddec85-455f-450f-90ff-a0d9a7030166,Daniel Flores,ryandavis@example.net,6,3,2,5.0
87113f74-2225-45f9-8813-b3fb89129ff9,Anthony Green,jstrickland@example.org,6,1,2,5.666666666666667
aad5ca29-04bc-4291-b98a-6f1039aa8eaf,Daniel Morris,plambert@example.net,2,2,5,5.0
46307dc8-b721-4ada-a935-05b736f2fdb8,Kirk Mann,bhood@example.org,6,2,7,7.0
9efbdb27-da60-42bb-88e4-277dad128089,Steven Cox,andersoncynthia@example.org,2,3,4,4.333333333333333
b126d0db-0b61-4762-835e-683f7949fec2,Stephen Giles,jennyvasquez@example.com,5,2,3,5.333333333333333
ba71b7dc-53c4-4d27-b304-86781b5f5400,Sarah Hogan,reedeugene@example.org,5,3,6,6.0
957d0def-4c0a-4420-b0d2-580b62c32cad,Michael Richards,stephenjohnson@example.org,10,1,3,7.333333333333333
244fca7b-809d-4b98-9f41-370e03415325,Darrell Castro,christophercollins@example.org,4,3,2,4.333333333333333
51d89a98-bc53-44a6-aa08-d5ad1a100e62,Krystal Miller,jenniferreyes@example.com,4,2,5,5.666666666666667
43efcb42-b5d2-472c-9f48-f1599e1c3e5a,Christopher Garcia,chris85@example.net,7,4,9,7.333333333333333
a3114ca7-f478-41e8-8e94-8ca5bcb3374b,Christy Chambers,morrisongregory@example.net,4,2,1,4.333333333333333
8e8671b8-7949-4f84-a932-ee165d879307,Clinton Hill,vperez@example.net,3,4,8,5.666666666666667
fb7b271c-04d8-4993-a6ad-3ccf266abce8,Melissa Hoffman,tparks@example.org,4,2,7,6.333333333333333
613258a0-7482-491b-b73c-c5cfd142f201,Carlos Taylor,racheljones@example.org,8,1,4,7.0
702f0c39-84e3-406b-9f3f-66b5820379b4,Kevin Moore,wpatterson@example.net,8,1,0,5.666666666666667
302b65f8-1c38-4404-9485-06d0986dd812,Sarah Acosta,benjaminkidd@example.com,9,1,0,6.0
2eab45ee-9ad4-4593-811d-3ae722775890,Wendy Sullivan,staceypatterson@example.net,3,2,7,6.0
47fbbe35-da3a-4743-9083-9d69e008909e,Michael Booker,beltranamber@example.org,6,3,1,4.666666666666667
63fa4ff1-7033-4fa3-9130-8802767a05b6,William Estes,blara@example.net,2,1,5,5.333333333333333
49345413-b812-40e9-88eb-66f06defd52a,Vincent Giles,snyderrobin@example.com,2,0,6,6.0
c480e1b1-8157-472d-9ef1-bd160d6e9820,Tammy Livingston,faustin@example.net,3,1,7,6.333333333333333
53876b22-916f-4fd1-b368-1d6e52e15cfe,Christopher Morton,phillipsallison@example.net,3,2,4,5.0
5f5a59cd-6874-4512-bd9d-856a0cdad492,Mr. James Meadows,pamela45@example.com,4,4,2,4.0
10ad0fcb-5634-4220-b5cb-216b835a81e5,Dylan Horn,mwilliams@example.com,3,4,3,4.0
3251287d-143c-4463-abf3-d63fbd5b2ec0,Maria Walker,sloanstanley@example.com,4,0,0,4.666666666666667
73ca24a1-0ab2-45c8-ae97-96c19df3ea77,Teresa Eaton,jamessimpson@example.com,2,3,1,3.3333333333333335
a72b03d3-ba75-45ed-b469-9c4995dfa470,Kristina Obrien,gregoryholmes@example.net,4,3,3,4.666666666666667
73fb3a1f-bb4a-4525-bf85-8a13ac84bd53,Brent Snow,hsmith@example.net,6,2,6,6.666666666666667
ab329f43-4810-42bc-8686-d8a7675be45e,Mrs. Alicia Love,rhenderson@example.net,4,0,8,7.333333333333333
bd17edc3-41c0-44a4-a370-ca7b99843ec1,Cheryl Wilkins,fraziermichael@example.net,4,1,1,4.666666666666667
ccb4dcc5-de90-44d1-80ce-f35810699de2,Daniel Castillo,bradleyberry@example.org,3,0,6,6.333333333333333
e1de4530-1a89-48c2-a5ba-c3ea055bf75d,Gerald Martinez,perezchad@example.net,5,2,3,5.333333333333333
7e909ef4-ecdc-4491-b35b-a57c9d6aa893,Bryan Lopez,valeriecampbell@example.org,4,1,2,5.0
2ad963d5-ea13-4af3-91f4-e48e04ef22bd,Christina Guzman,caseytara@example.org,4,0,6,6.666666666666667
e2a8a005-c23c-47cd-90f5-8448f4ec611d,Darrell Brown,adamsjoshua@example.com,5,0,3,6.0
adf24889-705a-42d4-afeb-45eab56c1c67,Joshua Cantu,aramsey@example.net,8,1,9,8.666666666666666
65068dc6-e809-4974-91c1-56ad661fa6a0,Robert Howard,annbrooks@example.org,5,2,0,4.333333333333333
0ca9ded5-da81-4da1-98de-5d5835f5d4df,Amanda Hernandez,jennydavis@example.com,6,1,6,7.0
72ff8699-7fa1-4276-9318-e641df14db8e,Brittany Torres,cdavis@example.org,5,2,9,7.333333333333333
819fac4c-9295-4079-966a-3e02e5ba0ba6,Hannah Ramsey,martin49@example.com,6,3,8,7.0
629b0c50-53c8-4774-a372-bb086a9eec09,Lisa Miller,jfox@example.net,8,1,1,6.0
a355d25e-2fde-4f4b-ba49-74cb63db7711,Mary Martin,kevinfuentes@example.com,7,2,8,7.666666666666667
83bd153a-2521-43ad-9e7e-fe2c71bc1692,Jonathan Miller,karen12@example.net,4,2,3,5.0
8822fd1f-ca51-4b72-8f20-70f9c48e7947,Kristen Martinez,kathleenzavala@example.net,12,3,5,8.0
dcfcf569-9e5a-4aab-bfec-9275536f024b,Garrett Barajas,delgadotara@example.com,4,0,0,4.666666666666667
57919528-ca3c-49c2-be4e-4305f5321abb,Joseph Le,torresmartin@example.org,9,1,1,6.333333333333333
47aabbdf-f0e3-4ece-9ec4-e7d0434733f9,Robert Holland,sgardner@example.com,4,1,5,6.0
10599a4f-e106-4d13-92e0-94cd98b13612,Michael Schwartz,morrisonanthony@example.net,4,1,2,5.0
0be4ff64-ed5e-4685-9b19-8a5b5ed8e2bb,Diane Rodriguez,jenniferhayes@example.org,3,0,3,5.333333333333333
6da1145c-6a3a-442d-b515-90940e303e17,Jason Thompson,lisamoreno@example.org,3,2,5,5.333333333333333
03f15919-cd5a-4e7a-a177-eb1842eeb5eb,Brenda Tate,wcarney@example.com,7,2,5,6.666666666666667
86ba6f76-f50b-4313-b3fe-38714f302c02,Nancy Jackson,amberbarnes@example.com,1,0,0,3.6666666666666665
62cfab55-4e40-4e70-8656-56b9c0c165f7,Anna Shepherd,zholland@example.net,3,3,8,6.0
a5793dc1-bfe0-4327-926a-04d017d6658b,Kevin Guzman,sochoa@example.net,1,0,0,3.6666666666666665
509015cd-de77-4446-91e1-0e837a1a26a3,David Campbell,herbert32@example.com,9,5,8,7.333333333333333
9fd592cb-0262-4e5f-bf5f-93d7ea1eadde,Erik Clark,katrina14@example.net,6,3,6,6.333333333333333
c0bc0153-66fe-4296-b2ed-b4aafa6051f4,Charlotte Lloyd,toddlopez@example.com,5,1,7,7.0
24cf0a43-b1f8-4119-901d-6f1b57eb29a4,Mario Clark,andreacollins@example.org,3,1,4,5.333333333333333
06d4c2cd-154b-495a-86cc-957a54985b48,Raymond Lowe,haley96@example.org,7,0,7,8.0
a826e008-a3b0-47b8-b07b-ff9f221fb0df,Carlos Johnson,taylorlarry@example.org,7,1,3,6.333333333333333
971659b2-e21f-469b-9995-ff17e09edd7c,Laura Ramirez,jeffreyross@example.org,5,1,1,5.0
ddeb7dc1-bb4e-4673-b4cf-9641a44a9bb7,Barbara Dudley,olivia67@example.com,7,5,9,7.0
326d8558-cf6d-4050-a0b8-b65a9e39bf7d,Elizabeth Rodriguez,cindykane@example.org,6,2,5,6.333333333333333
f331a56a-db24-4738-b4e3-e4a4beea8a3e,Daniel Phillips,andrew64@example.org,8,6,7,6.333333333333333
eb9ceae8-4eb4-4173-a6c2-6ad187121cc9,Kevin Cortez,thomasmaria@example.org,6,1,8,7.666666666666667
e98f1efd-9bda-4b23-a5c0-24a9ce098a31,Edwin Pearson,bruce77@example.org,6,1,7,7.333333333333333
644ab6dd-24a5-42ac-998a-83ee167a6fce,Deanna Norton,courtneyboone@example.com,4,1,6,6.333333333333333
cb5b7ee1-a566-4288-87e9-607aba68c2f5,Brianna Cline,brandonwilliams@example.net,7,0,8,8.333333333333334
6b6ecd38-142d-4d58-94cc-b43e845d1788,Matthew Garcia,taracastro@example.org,4,1,1,4.666666666666667
7befe1dc-5e54-4ba2-bdc3-502ba5af853e,Patricia Bates,anthonyhenderson@example.org,8,2,5,7.0
2017cf0e-b461-45a6-bec3-5a2e069b6a17,Michelle Russell,barbara88@example.com,6,2,0,4.666666666666667
39d0f23b-ed01-4d6f-8618-70229c988c3f,William Nolan,longjennifer@example.com,10,1,0,6.333333333333333
61c5ebf4-d430-4146-930d-b6b506d720b1,David Kelly,marknelson@example.org,7,4,4,5.666666666666667
ac0ca7c2-5013-4c09-b8f2-5dbc496faeaf,Alexander Luna,olsonalexis@example.net,6,1,6,7.0
fbc73ad7-bff3-4fa9-b7d7-676f685767d4,Samantha Banks,davislarry@example.com,12,0,8,10.0
24d76069-0098-4969-995b-cecb4916e6b3,Gabriela Franklin,victoria40@example.org,7,1,4,6.666666666666667
7e37a5ab-9c53-4446-aa33-a725b55a34a0,Eric Allen,keith46@example.net,5,2,0,4.333333333333333
50a3c0b0-2197-4518-9df2-4c1ba0fa9b7f,Linda Austin,djones@example.net,6,3,3,5.333333333333333
d4193da9-2c84-427f-bc16-f9535860c459,Ryan Knapp,jrandolph@example.net,8,0,7,8.333333333333334
11015228-5ae8-411b-b8cc-18b1ce3feeb7,Jessica Jackson,donald12@example.net,6,0,2,6.0
ef0ea808-c576-4475-b000-daaf223ff8d9,Stephanie Pena,christinemurphy@example.net,5,4,5,5.333333333333333
322c6fba-55b8-4d49-9e50-a889136fadb8,Christina Martinez,shannon14@example.org,5,2,2,5.0
a02ea77f-46e6-410d-8aa8-73ab9985d788,Denise Abbott,katiebrown@example.org,4,1,8,7.0
9d53771b-2420-42a0-9082-6b2573f5bd37,Jocelyn Reyes,jason07@example.org,3,0,4,5.666666666666667
cecc85d1-08f7-4f89-a091-f5c6d4beb9a8,Allen Terry,jacksonjames@example.net,4,3,6,5.666666666666667
48a2b86a-84e9-4174-b712-d7349e0da79b,Paul Camacho,charles90@example.net,6,1,9,8.0
8365bf95-3e3a-4ed6-982e-d759305d84ed,Dr. Keith Ross,wilsongilbert@example.com,1,0,5,5.333333333333333
97045676-f41a-4fc1-a6c4-80253b2333c5,Nancy Sandoval,smaldonado@example.org,5,1,3,5.666666666666667
390c8e9a-46cb-4016-a524-d30fc879cc94,William Nguyen,michaelferguson@example.net,6,1,3,6.0
bee13d3f-ae4c-42d1-9fde-32864186bcc1,Austin Green,angelagonzalez@example.org,3,3,5,5.0
7b1608b3-8ea8-46c5-908f-200c14a01b40,Dr. David Mata,jacob15@example.org,5,2,1,4.666666666666667
bdf1d1aa-ab51-4530-a269-a9bdc0fb8949,Joshua Avila,julie79@example.net,6,1,5,6.666666666666667
49b8d67a-4e51-4e1e-8771-0e43a852953b,Brandi Rodriguez,nmartinez@example.net,1,2,8,5.666666666666667
8ebcb794-f166-4ad8-a7c3-5562758db81f,Logan Davis,rebecca18@example.org,2,0,5,5.666666666666667
b4620352-1de8-47a4-b57e-de174547a315,Michael Johnson,ubutler@example.org,5,2,2,5.0
4c38c44e-8124-46a2-98e8-7d8dca4b430d,Vanessa Morgan,juanreed@example.net,15,2,2,8.333333333333334
71132320-b655-496b-ba83-412ecbcc27c4,Julie Martin,jenniferlee@example.com,5,1,9,7.666666666666667
9ee77a71-50df-449f-ab63-76a25919c31a,Scott Gregory,tuckertrevor@example.com,3,4,3,4.0
8674186a-1cad-499e-aa01-eda25505f83c,Connie Holland,lisariley@example.org,5,2,6,6.333333333333333
9fcb7d94-2b8b-4c67-b12c-471b5cf185cf,Ryan Perry,yeseniamorales@example.com,3,1,3,5.0
b7f7815a-4139-4901-a41f-7f43d7870d42,Deborah Johnson,connie83@example.net,2,1,2,4.333333333333333
356db8a5-0931-4548-b900-f30f535a6546,Matthew Perry,madison22@example.net,1,4,8,5.0
aaee8d00-1448-47da-9310-05d734138279,Tina Thomas,xjones@example.com,6,4,8,6.666666666666667
7396469e-3d42-477a-93d7-e676907491f9,Garrett Young,bboone@example.net,4,0,5,6.333333333333333
f8700004-4c12-4e47-858c-fea808b7deee,Hailey Martin,xbradley@example.org,3,2,9,6.666666666666667
51839778-5a89-493d-979d-990cdd117e2f,Austin Curry,jameskrueger@example.com,3,5,2,3.3333333333333335
e1718f86-d582-4adc-89fa-3e1ae67e0b89,Teresa Garcia,iwilson@example.net,4,3,9,6.666666666666667
b4c604d1-466c-4f84-9cea-4a65bb53e2fd,John Lewis,wilsonbrenda@example.org,3,2,1,4.0
02f10066-f084-46da-8208-92de1aacf6c2,Dawn Hall,vanessa00@example.com,4,1,7,6.666666666666667
8bef5701-0b75-4cce-915c-360219a455bb,Alvin Lee,melissapham@example.com,9,4,8,7.666666666666667
86e50beb-86c9-48cf-84d3-77a04e88b8ac,Peggy Estrada,irobinson@example.org,3,2,6,5.666666666666667
4d77cb6e-c8e7-420d-83a3-96584a94c619,Tyler Kennedy,mario95@example.com,4,1,0,4.333333333333333
31066cc3-0dbf-4887-b6aa-d942c8dddc41,Lauren Villanueva,gomezmichael@example.net,3,1,0,4.0
e6e2e964-ca27-40e3-af20-80a2aa75c0bb,Diane Williams MD,freemancynthia@example.com,5,5,5,5.0
36f4de1c-9328-4595-81a8-3e6235b0631c,Jason Garcia,johnneal@example.org,6,1,9,8.0
a0d17bb4-31d0-4614-a542-add288231700,William Evans,dawnbowers@example.org,9,2,7,8.0
b7f017a6-a7ef-4b56-ba62-eb99c0b1321d,Matthew Moore,smitheric@example.com,2,1,7,6.0
dd0f176b-5632-4ffe-98a8-4bf479284620,Angela Graham,nicholasmurphy@example.com,4,1,9,7.333333333333333
d2f9410a-914c-4fbf-9f4e-4c8bb394860b,Nicholas Le,kenneth39@example.org,9,2,7,8.0
50b88c04-b4c4-47b6-8d3f-d1f2b0bce203,Justin Stewart,tlin@example.net,4,2,1,4.333333333333333
8c5285ba-e3e5-428f-b104-e11196eaf8ab,Randy Logan,john70@example.com,7,3,9,7.666666666666667
bceb6116-91dc-415a-89c2-26706439214b,Jacob Wood,gsmith@example.com,4,1,3,5.333333333333333
c5a9301c-288d-4fea-84e2-3157730d5da9,Lori Miller,dixonchristina@example.com,5,6,5,4.666666666666667
ee3711f4-4e82-46fd-a12d-df78ce5ccc37,Catherine Rodriguez,joshuaallen@example.com,3,1,2,4.666666666666667
95c4804d-b75c-40d0-b765-cee3b9c49e4e,Samantha Carroll,lewiswilliam@example.com,4,3,6,5.666666666666667
0f2b693f-9145-4730-88b9-d67cfa0e7cd3,Sarah Martinez,christopher64@example.org,2,0,6,6.0
eb48743c-226c-4f0c-81ff-9209a6bf82b8,Kathleen Rogers,wcamacho@example.com,4,3,2,4.333333333333333
2f26d31e-e9fa-479b-8240-2722ef1961dd,Austin Hall,carpentercole@example.net,4,0,1,5.0
78ae5af1-aa51-4c63-b336-67a0b2013a8b,Nicole Castro,jamesjackson@example.org,4,2,4,5.333333333333333
26a0a62b-fcd5-42ab-ac2d-47c541310172,Scott Rojas,ismith@example.org,5,2,6,6.333333333333333
9e7423cc-42ad-4e38-8501-079716698f92,Ricky Alexander,thomastyler@example.com,4,0,4,6.0
47e00750-06cc-42dc-b19e-60dfcddbc6c1,Misty Jacobson,joshua07@example.net,2,1,9,6.666666666666667
af682e27-903a-43c5-b82d-591a851efca8,Jenny Cross,ewhite@example.com,2,4,1,3.0
20232d0f-d119-4cde-80e4-8412e752243c,Jillian Boyd,corey95@example.net,7,2,0,5.0
bbb4e13b-d217-410b-b673-bf83103aa5f7,Steven Oconnor,qchapman@example.net,9,0,0,6.333333333333333
3d912650-1ca5-4222-ab99-7f15180e3296,Mary Dixon,qwhite@example.com,1,3,7,5.0
03fddacf-06ea-4d70-8de7-c53501810f61,Jason Payne,gsmith@example.org,6,4,2,4.666666666666667
4ee529ba-d315-4c99-9311-77bf10deb346,Samuel Gutierrez,manuel24@example.org,5,0,2,5.666666666666667
34c6d5e5-b6e3-4a0e-a7a6-321304ad3d6e,Lisa Mitchell,joshua96@example.com,6,1,0,5.0
4ab05b85-a953-46be-969a-965af118917e,Kyle Armstrong,jacksonkelly@example.org,5,0,0,5.0
3a98fd05-662c-444a-86d5-6329ccbcf4e3,Russell Martinez,rlutz@example.net,3,4,3,4.0
ba24f9ad-faa0-4685-901a-b5fb3eb9f5c7,Brandi Ross,pshepherd@example.org,2,1,1,4.0
5f584c93-1a8a-4939-834b-efe001cb8e8e,John Salazar,kathryn26@example.com,6,6,4,4.666666666666667
1237dd3e-6944-4bba-906b-3685fc3d3c58,Dr. Anthony Meyers,kirklaura@example.net,3,3,9,6.333333333333333
0928a8bd-7805-4246-9a89-d5382b2b97d0,Larry Reid,qray@example.org,8,3,1,5.333333333333333
67b044e0-5c19-40a1-8ee8-8342f50cf892,Amy Peterson,austinfranklin@example.net,7,3,6,6.666666666666667
5383e4fd-db06-4855-8ef8-7b7aab45a4c5,Beth Reese,adam84@example.com,2,4,4,4.0
98500252-fe8b-43ad-9f72-5a8ff2e4ce8a,Thomas Schmidt,andrea20@example.net,3,5,3,3.6666666666666665
fc3b6159-91d5-4edb-b93e-6b5d9faf0a9d,Katrina Johnson,rherrera@example.net,7,4,3,5.333333333333333
6d985969-aa1d-40c2-9daa-b11ee1d78410,Vincent Escobar,jonathanandrews@example.net,3,2,6,5.666666666666667
4d436180-4263-4758-a7da-328d6b1eef8c,Anna Gibson,deborahwright@example.net,6,1,6,7.0
b28ad096-f79b-40af-b942-093730d82757,Melanie Brown,ellisyvette@example.org,3,0,4,5.666666666666667
f9255f86-2888-4fa8-8f34-d860f3980c70,Dustin White,harperlisa@example.com,4,3,1,4.0
2fa6650c-29a8-44c3-a22d-feb7b7b865cf,Matthew Thompson DDS,stephen62@example.net,2,3,8,5.666666666666667
d97f66f1-5e35-409a-92c2-3da392660a6d,Janet Taylor,porterjustin@example.net,6,1,4,6.333333333333333
1860523c-6e43-4657-8621-345849a736b8,Mrs. Kylie Morris,browncharles@example.net,8,2,1,5.666666666666667
d5db5cf7-8f7d-4ae1-b818-c772c6e0dfd7,Dr. Kathy White,clarkjoseph@example.org,7,1,0,5.333333333333333
7805c3da-fc98-46cf-8585-3938e40e3b7e,Brett Robinson,jill68@example.org,2,3,1,3.3333333333333335
ac8675b3-7df1-48e9-a8fd-fa32bae4208b,John Johnson MD,npotts@example.net,5,1,3,5.666666666666667
b0d44d99-3f0d-4274-a920-0a51b6fca247,Steven Larson,ebryant@example.net,4,3,6,5.666666666666667
607aad3f-67c3-4942-85be-67189b45056f,Ryan Welch,ubennett@example.net,6,3,6,6.333333333333333
b1e5da5c-1e6a-4522-bb18-9fa711976ffb,Andrew Mcclure,morabrian@example.org,6,4,4,5.333333333333333
23741b38-ef9c-45ee-944c-219d4039bb3a,Charles Brandt,watsonmaria@example.com,6,3,2,5.0
e928cb90-e579-4279-802c-d2e1212f81c0,John Allen,anthonybarnes@example.org,6,1,0,5.0
941a5988-6ae6-48e7-973c-c7c0b78566e9,Jeanette Matthews,kennedythomas@example.net,7,2,3,6.0
4a2ef4aa-5690-44e2-a8d3-a1e3c8630688,Samuel Lynn,johnnelson@example.net,8,2,2,6.0
eba24a55-36b0-47ee-88a1-4289c0abc0b6,Michael Holland,wanda45@example.net,6,1,7,7.333333333333333
53da133a-2fb5-49ba-9610-099283b610d4,William Silva,gary69@example.org,4,2,6,6.0
ead883a8-a3a7-49f2-81a8-654c73f479ff,Sarah Wise,mcintoshbrian@example.org,6,2,2,5.333333333333333
e67ce76a-b0a9-4097-8ab5-0ad1ab996747,James Vasquez,jamiesingh@example.com,3,2,8,6.333333333333333
0a3366f1-5f39-438b-bc82-71239e6b60cd,Steven Bradley,christopherwalsh@example.com,2,1,2,4.333333333333333
5f91abaa-8d07-4899-a244-88cb72c6ef01,Annette Miller,tanya60@example.org,6,2,1,5.0
68aa6955-5688-4549-bb6c-71e1f7f60c2f,James Livingston,bakerjeremy@example.net,2,0,4,5.333333333333333
509f4859-32cf-41cc-a363-53d376917c41,Eric Little,burkeeric@example.net,3,3,6,5.333333333333333
3352a01b-cd33-4923-97ca-ff97eeccf483,Alexandria Hawkins,ehunter@example.org,8,4,3,5.666666666666667
b56a0742-e83e-4914-bb49-064144d3c889,Brendan Anderson,angelahood@example.com,5,1,6,6.666666666666667
b2c14402-32ec-4899-b074-846f1682ef81,Brian West,bsanchez@example.org,9,4,9,8.0
d0dd0ea0-fdf4-43bb-be1f-f5fd2285982b,Joseph Hughes,charlesmartin@example.com,6,1,0,5.0
0c5c7e24-e91f-42ef-b832-202f9037e44b,Joshua Rivera,joshuasullivan@example.org,6,1,5,6.666666666666667
b40c37e8-b1cd-40f5-bbb6-79b2780e6969,Shawn Mcintosh,natashaedwards@example.net,1,0,8,6.333333333333333
6d40f863-0ea0-46ac-b0a5-10c24d0602d3,Sean Garcia,kristinwiggins@example.org,12,2,3,7.666666666666667
8718c2d5-0560-49c4-869c-8e12d412acc5,Steven Shannon,alexandrahinton@example.org,4,2,3,5.0
7b91e24a-1420-4eb1-b651-2f4d46f97185,Dr. Heidi Reid,staffordedwin@example.net,7,0,9,8.666666666666666
dea1263e-ac82-4bb7-9a26-8125f3fecdb9,Jeffrey Sanders,jonathan76@example.com,3,3,5,5.0
aaf118e7-0176-438d-a279-0c6e676fce23,Michele Palmer,steelejoe@example.org,6,4,3,5.0
df8c4368-d973-470c-80a4-51b40240f627,Michael Hill,gsmith@example.com,5,2,5,6.0
5d2c4686-e3f8-4889-9907-626c42aa6d11,Barbara Lee,opatel@example.com,2,3,4,4.333333333333333
e9ecd868-f0c7-424a-be7c-2375b65f4702,Eric Powell,jimmypayne@example.net,4,3,2,4.333333333333333
ec901688-9684-47a1-a466-596cb2763939,Lisa Parker,joneskevin@example.net,4,2,6,6.0
9f7f1da4-a5d1-45b1-8561-96211314ca24,Kathleen Mendoza,marilyn82@example.org,4,3,5,5.333333333333333
4c1e3229-f9a3-4bb1-8f7f-2866d9ab5f3b,Michael Taylor,peterbutler@example.net,6,0,3,6.333333333333333
01f282ba-636f-4efe-8b47-35f74a182b91,Stephanie Page,mcdanieldavid@example.org,2,0,8,6.666666666666667
d5a66b70-98db-4481-86c4-088166db1d22,Maria Anderson,vwalker@example.com,5,1,5,6.333333333333333
2e3efa1b-d361-489e-9080-652af6d472c7,Joshua Gordon,james45@example.com,6,2,7,7.0
595fd63f-e571-47cc-86aa-6ab976cc064b,Jessica Stein,wilsonrobert@example.org,2,2,4,4.666666666666667
300126a6-35f3-4b7d-873b-b45f78baa951,Timothy Berry,frederick26@example.com,4,0,9,7.666666666666667
c8aa1bd5-999f-4dfc-a4ce-0d9ac1b6877b,Kimberly Hogan,erica81@example.org,6,3,0,4.333333333333333
63df2fe9-b460-433e-a16e-f2c4016026e1,Garrett Mason,pvega@example.com,7,1,3,6.333333333333333
c58057e7-48d7-4abb-8ba4-0bbfeffb8a1a,Carolyn Robinson DVM,deborahferguson@example.com,5,1,0,4.666666666666667
163ea990-aea6-4aa7-be76-583c2e487c31,Marie Garcia,vlee@example.net,3,2,5,5.333333333333333
e55fea76-0bab-4abb-b851-2968d059dc87,Jennifer Brown,ronniekelly@example.net,2,3,6,5.0
10b8cd22-c566-4f81-aa38-522f6fd62eed,Melissa Preston,michelle42@example.com,4,4,1,3.6666666666666665
6450129f-8fd2-46a2-b0a5-e775a8a2faa0,Jessica Gomez,qrichardson@example.org,6,2,1,5.0
70a9f5df-3b06-40f9-8061-f8a53bbd1b51,Helen Rowe,yrussell@example.com,6,1,1,5.333333333333333
5e4eb5a1-60b5-47e5-8c75-50321e6e548f,Shannon Nguyen,lcamacho@example.net,6,1,4,6.333333333333333
8b934d60-517b-45da-8b95-7293292530ba,Amy Simmons,rebeccarogers@example.org,4,1,8,7.0
befdb493-155b-42eb-a423-ecdb4eb83d38,Victoria Alvarado,christine81@example.com,6,2,3,5.666666666666667
d45e301c-86b8-4012-a968-aef276dc1d0b,Allison West,sara19@example.com,7,1,1,5.666666666666667
8631e9ec-6434-454a-912e-52bb4e6f8b23,Joshua Smith II,angela11@example.com,2,1,0,3.6666666666666665
052e7c38-1263-4f91-b13f-9a6a4d562514,Robert Jones,louiscombs@example.org,7,3,0,4.666666666666667
f742f981-38ce-4862-9ac8-487f2eb3642d,Alicia Sosa,david77@example.org,5,3,0,4.0
d6847fc6-9267-4661-8eff-620b3fcfd0e0,James Brooks,nancy63@example.com,12,1,8,9.666666666666666
bfda4a36-9c33-4696-8429-cc50d5fe15ae,Jody Jones,donaldburns@example.net,6,2,6,6.666666666666667
688ef3a0-86af-40db-924d-4f97dd96f3d6,Sandra Chandler,emmarichardson@example.org,5,4,4,5.0
52da07e1-69cc-4f5d-b6af-ea46bc749829,Natalie Clark,nathanblackwell@example.org,4,3,2,4.333333333333333
0cc05fec-2c3f-40dd-ada1-fb1e50c790f5,Crystal Meyer,nancyflores@example.org,5,2,1,4.666666666666667
797eb8ba-e998-4831-af22-59388f035ea9,Catherine Ramos,kimberlynelson@example.com,3,1,0,4.0
7952703a-d879-4aa2-8849-dbb9a737ce83,Tara Ortiz,zcastro@example.com,5,5,6,5.333333333333333
35d59583-4699-43a2-a123-aebc5cfc212d,Wesley Smith,jwilliams@example.org,7,3,5,6.333333333333333
083df442-6fbf-4d59-af3a-897fc6254180,Casey Bonilla,davidthomas@example.com,6,4,3,5.0
d7503b8c-3618-40d2-a6c1-333197c596eb,Barry Fisher,george20@example.org,5,1,5,6.333333333333333
86c8340a-82bf-4ea7-8eac-c25faffabb5d,Tina Buckley,johnsonmelissa@example.com,3,2,6,5.666666666666667
e36b52f8-9ac0-46b6-9466-9d940318559e,Kelli Moss,romerojaime@example.com,5,2,0,4.333333333333333
716a67a5-7357-42fa-989d-25cd1f7dbfbe,John Jones,sdavis@example.com,6,2,6,6.666666666666667
e19cbe0f-672a-487e-adf5-49c3e0471dc1,Dr. Christopher Brown,amyers@example.com,6,0,8,8.0
79fd7f0f-0753-4bd0-ac65-7c90a3104bc6,Kristie Donovan,gomezgreg@example.net,6,2,3,5.666666666666667
fc11499f-3800-46f9-8069-c031e431ce3f,Ralph Sharp,brownkathryn@example.com,7,0,7,8.0
72bbebd5-ae2f-4558-927f-0744eb38c056,Shelley Wu,lauren08@example.net,1,1,6,5.333333333333333
e9493db3-2ef5-4a38-bc4f-3e6ea6a75d48,Eric Powell,moonmichelle@example.net,11,1,7,9.0
74089247-5a39-4698-aa2a-ff2755b51397,Jessica Jackson,lhernandez@example.org,3,2,8,6.333333333333333
f31d6145-842a-43ae-bb83-66f5fff13873,John Hooper,nancyrusso@example.net,3,1,7,6.333333333333333
c9164fca-02a6-4dc8-b53c-3a4743f80b95,Hannah Holland,denise01@example.org,1,2,3,4.0
b24fef52-b80d-45c1-ae64-38e2804d5b5d,Donald Yoder,alex46@example.com,4,1,1,4.666666666666667
009dc9cd-2583-4ad7-9fa0-1834abd12bbc,Connie Moore,bonillabradley@example.org,4,1,7,6.666666666666667
fc098891-9025-4640-a85e-5ab75fe9bb2b,Darlene Rivera,ugreen@example.com,6,2,2,5.333333333333333
faeca47a-99cc-4874-9ad4-00c4a9242fab,Samantha Walker,floresanna@example.net,6,2,0,4.666666666666667
cad45a1f-ff43-4c1e-9561-6e0380ef0df3,Kyle Roach,carlsonallen@example.org,4,2,8,6.666666666666667
fcc80647-31c5-47d3-a32f-781cbf2df4a7,Shawn Gray,ejohnson@example.com,1,3,8,5.333333333333333
9f5be788-c73f-4d2f-bb9e-2b21e35f02eb,Wesley Caldwell DDS,lewismichael@example.com,5,0,2,5.666666666666667
f5f55ef1-7ef9-4af7-b40a-bb6fed93477f,Elizabeth Baker,caseyjeanne@example.org,4,3,0,3.6666666666666665
a84d39e7-5430-4262-aee9-75be41243994,Brian Vasquez,catherine24@example.com,2,1,5,5.333333333333333
afa7f0ea-b5d5-4fc6-a2dc-8f895c7e4a97,Brandy Johnson,stephen31@example.org,10,0,4,8.0
71a89e17-651d-436a-b1da-418a7b474365,Logan Roberts,loretta74@example.net,6,3,6,6.333333333333333
b0b64c34-79d3-4ba2-8d34-cb9992eda415,Nancy Patterson,whowell@example.com,5,3,7,6.333333333333333
c82759fd-ad6e-4d64-ad0b-54ebc80a8702,Erica Rodriguez,dpennington@example.net,6,3,2,5.0
6fd9176a-0b1e-42a1-a9d0-245552150208,Kathleen Johnson,april12@example.net,4,1,1,4.666666666666667
72be01cc-ad31-478c-bd63-cda3dd68e6bd,Lindsay Johnson,emccarty@example.net,6,3,6,6.333333333333333
5855cc1c-bd3e-41c3-ad9f-d505ee329966,Thomas Lynch,tamihunter@example.net,9,2,6,7.666666666666667
3e3884a4-7113-4988-88b2-4f05a698dc8f,Scott Williams,vhowell@example.com,14,2,3,8.333333333333334
39495c4b-2c13-4689-8767-d52794545ba5,Michelle Berger,kellyibarra@example.org,4,3,7,6.0
128b371c-20cd-4e02-9ec8-c61b901899e1,Joseph Henry,katelyn33@example.org,3,3,7,5.666666666666667
a809fa26-8773-4a14-bf8b-fac7f7a136e0,Andrew Williams,lauren88@example.com,2,2,7,5.666666666666667
d60f3d3b-5394-4db8-b8b4-9fd390916ff2,Nicholas Wood,lindsayelliott@example.org,5,2,5,6.0
1ecdaaf4-c6e4-43eb-a178-eb9115a18b7c,Ernest Johnson,tammykhan@example.net,8,1,8,8.333333333333334
7150ad40-0282-4685-9a8e-57d6601e5189,Nicole Walker,morgansusan@example.com,7,4,4,5.666666666666667
a7f61f86-41be-425b-9d83-e5ec19b38bdb,David Dixon,obrown@example.net,6,3,6,6.333333333333333
8750958d-030e-434f-a041-fc793de0c2fb,Jacob Harris,amberharris@example.net,3,1,5,5.666666666666667
dd60b8be-9fbc-43b1-ad32-a99fb4ba2d35,Geoffrey Williams,christopherchristensen@example.net,5,1,2,5.333333333333333
c189c318-1594-463d-8c7a-8ca23b7bf77f,Heidi Montgomery,corey25@example.net,7,2,9,8.0
cfab0dbc-4655-4be3-9f89-5e21fc01e894,Megan Blake,lisabeard@example.org,8,1,7,8.0
4aac9dca-9097-46dc-b0d5-a46cdd6a158b,Brandon Black,jamesjermaine@example.net,6,0,4,6.666666666666667
7f40ece1-d123-43f6-9919-36c8ae667b4a,Paula Harrison,dlee@example.org,6,1,9,8.0
6b242f42-1e7f-4776-9d3d-64153eeb50fe,Lauren Walker,ysmith@example.org,4,1,4,5.666666666666667
1335914c-fcb3-4db9-8b9d-3adc1e067c74,Elizabeth Cooper,hicksabigail@example.org,5,1,1,5.0
d14624c9-1a5a-4770-8f3b-d6866349f054,Stephanie Higgins,ivanrodriguez@example.com,2,1,0,3.6666666666666665
beeed8b4-3322-42d5-8d6f-499c8e95593f,Holly Jackson,robert20@example.org,3,1,3,5.0
336bf14c-9412-49de-89bf-55d167fb2191,Mark Collier,cesar95@example.net,7,3,3,5.666666666666667
19d633dd-ed80-4aa1-abbf-64edd9127298,James Hernandez,xryan@example.net,4,0,2,5.333333333333333
8ebfffed-b978-41b1-b93a-91424eb5ed24,Paul Adams,michaelbrown@example.net,5,2,7,6.666666666666667
e8cf00f1-1126-4ce7-b1c8-ec5ded4c0675,Kari Green,rebeccacarter@example.org,6,1,0,5.0
93ed494b-7873-4346-9ed1-9ee2060498c8,Mark Patterson,shelbygarcia@example.org,5,3,0,4.0
8a1cde52-349a-47b1-ba1e-469986de9c9b,Louis Robinson,hhall@example.org,4,5,1,3.3333333333333335
13529841-837e-45ae-9fe6-79749438c7b8,Danielle Hoffman,awaters@example.net,4,0,1,5.0
a9a6a1d0-9b71-482d-bfd0-a953e91113db,Jennifer Morris,jacqueline24@example.net,8,7,0,3.6666666666666665
ef06b68c-a80b-43b6-8753-c4d7ea70a29b,Robin Smith,troywhite@example.net,5,3,2,4.666666666666667
90618b90-a174-4177-9cb8-01a941294aa0,Heather Powell,ubeck@example.net,3,3,0,3.3333333333333335
64c20748-c5c5-4deb-8822-64053f196a96,Maria Hart,phillipsbrian@example.org,8,1,1,6.0
2e24631f-4db6-4323-86c7-5733c43fccc7,Matthew Baxter,briandavis@example.com,5,3,6,6.0
e4abaeeb-0e51-4b17-aed9-cf1a5504f542,Ashley Rush,johnwalsh@example.net,5,2,2,5.0
99eaebc4-91ee-4725-aa83-5001650bdbdf,Stephen Garcia,james75@example.com,3,3,4,4.666666666666667
84d431cd-f932-4f64-b60d-e9a6bbcc4d4d,Mr. Bryan Adams MD,chavezashley@example.org,4,4,4,4.666666666666667
18b0d565-db29-4dd1-9cb8-5f6a91dd9060,Charles James,emerritt@example.net,7,3,9,7.666666666666667
01fb7e80-2ead-4165-97a7-14af6de84501,Alice Jordan,andrea04@example.com,5,2,1,4.666666666666667
0fff87eb-99ca-4c0b-ad7e-bc14cb3db5bd,Ruben Rush,dalefletcher@example.com,5,1,2,5.333333333333333
217ab9a0-bc97-4bfa-8dfd-865e566762b4,Corey Richardson,kevin68@example.net,7,2,7,7.333333333333333
c8abf1d4-7dc4-4ad8-9547-a2d26932bcd6,Melissa Mann,keithzhang@example.org,5,0,4,6.333333333333333
9b564308-642e-4026-8386-ae377ecf6cb5,Jessica Mathews,ajohnson@example.com,3,2,6,5.666666666666667
1033fd19-d5dd-4ba1-bb3d-141ca8ea6873,Sean Burke,ballardwendy@example.net,5,1,8,7.333333333333333
a1c1f083-cf10-44bc-ab63-7c9c0ab93727,Paul Gonzalez,annweber@example.com,6,3,9,7.333333333333333
544018e4-f410-48cf-8eb7-a0237c6e66b5,Beth Miller,aturner@example.com,4,1,6,6.333333333333333
c84381cb-b700-4641-9ede-020e776cd6c8,Andrew Estes,collinsjason@example.com,14,2,9,10.333333333333334
08f6e01f-b159-4716-8c90-2661fbeea062,Robin Novak,james45@example.net,7,3,9,7.666666666666667
f934347d-7f24-4410-bcec-6a906a013b9e,Michele Dawson,qhardin@example.com,7,1,0,5.333333333333333
fd604b56-c96b-4278-af79-1c77733a7fa1,Corey Marks,rachel85@example.org,4,2,1,4.333333333333333
8b6ad733-44b3-447a-8a69-d7638f0a0268,Caleb Cortez,priscillahorton@example.net,8,2,2,6.0
1b53bd60-0c01-4f8a-b7eb-6aa6f7d9d987,Haley Roth,qperkins@example.net,8,3,9,8.0
cc5adfbf-42e9-4227-956a-a3fa0f4d29f0,Kelly Norman,hernandezjavier@example.com,2,1,2,4.333333333333333
2c9b7999-0466-407f-a173-ba649f696c60,Matthew Cook,juarezchristopher@example.org,6,5,9,6.666666666666667
16937932-5397-464d-bee9-1b4d888f1e04,Harold Young,john02@example.org,5,1,6,6.666666666666667
9f01f82a-a4fa-4e13-9378-3b8f4095341f,Judith Martinez,portertraci@example.org,3,2,0,3.6666666666666665
1f90844c-d9f2-4b97-999a-a453f7ab953a,Justin Brown,anthony02@example.net,4,2,7,6.333333333333333
9198f0e1-f373-4de7-b903-5a6ce56b0a8f,Maria Yoder,anthony10@example.org,6,0,5,7.0
6b769ee3-252a-4dd1-a41a-2b2ae310d6ce,Megan Farmer,blam@example.net,3,4,8,5.666666666666667
7db5a3f5-9048-4f9b-9087-ff26c78b5439,Christine Martin,njohnson@example.com,0,2,1,3.0
fc5ff805-fd8f-4f81-9808-0110ccd4bb5e,Jessica Schmitt,campbellwilliam@example.com,3,4,9,6.0
abac8b77-612a-46ee-ae2e-1a2564c23a23,Anthony Peterson,jackiewood@example.com,6,1,6,7.0
47f114a2-8b4c-4da2-af9a-2d8b9acb5678,Jade Atkinson,natalie27@example.net,5,4,1,4.0
6a87f92b-ecee-4ed6-b7ba-653b96b09676,Chelsea Thompson,morganrobert@example.net,3,2,0,3.6666666666666665
1e4f4015-74e2-4c3b-84e8-05fecd953f9f,Donna Sherman,jennifer83@example.org,6,2,5,6.333333333333333
e6ba4889-39f0-4dbf-a3f5-e3fd53975b05,Matthew Miller,novakcarolyn@example.org,6,2,5,6.333333333333333
5761da7e-2493-45b4-a024-0959e7586719,Christopher Davies,olsenrachel@example.org,7,1,6,7.333333333333333
023f1686-c7e6-46b6-8250-89929b354c19,Ronald Cook,linda31@example.com,3,3,0,3.3333333333333335
ffe51b4d-76a1-4f53-ab7f-69f46e2f1df4,Karen Baker,donald27@example.net,2,4,2,3.3333333333333335
f98635e3-ec93-4019-a1e7-fa08019d4462,Tina Ayala,ashley48@example.net,6,3,2,5.0
b58c3a77-cfcd-47dc-ade6-4ce49365474c,Jennifer Harris,emily32@example.net,2,0,2,4.666666666666667
99d60dbe-23c2-425c-90f2-2136616146e1,Carol Horton,susan82@example.net,5,3,3,5.0
fe4ecd0d-812e-4ccd-b548-bbfd12048ef0,Caitlyn Lopez,nayala@example.com,6,5,9,6.666666666666667
dfc22af0-1b7f-4bec-903e-abaa31fe519f,Ethan York,ypotts@example.com,4,3,3,4.666666666666667
632916c2-fd4c-4999-bdc7-5f8b59461518,Mr. John Blair,murraytodd@example.com,4,0,3,5.666666666666667
0a4149a8-c663-4d37-b13f-9dbc21fcdf99,Michael Cooley,william40@example.net,6,1,4,6.333333333333333
4fc4453f-d1d3-4e32-adb2-981fa8fd978a,Rebecca Flores,brandon41@example.org,2,3,9,6.0
1bda746b-d366-4a58-9573-b5995e955ac6,Barbara Lewis,danieltorres@example.net,4,0,4,6.0
9223fdf2-408a-4233-93af-ca1ee507e396,Ashley Ortiz,rodriguezcourtney@example.com,6,0,3,6.333333333333333
332fef5f-3137-433d-a83a-ff76dd678e25,David Ware,lynchstephanie@example.com,5,3,2,4.666666666666667
c4d4f465-16d5-4912-ba28-864fb13a015f,Michael Fernandez,kimberlymitchell@example.org,4,2,8,6.666666666666667
cabcd9e2-6196-461d-81b4-91d5a5f8f205,Anthony Huber,vrussell@example.org,2,1,9,6.666666666666667
44e39da9-06cc-4146-9c24-718cf04be3fc,Reginald Winters,halldana@example.net,3,2,5,5.333333333333333
dcd9e673-c0d9-4768-8746-d56727001172,Holly Evans,danieltaylor@example.org,7,1,0,5.333333333333333
8d412854-711b-41a5-8cbe-e90d60fe3b3c,Adriana Shaw,lozanobryan@example.org,4,1,7,6.666666666666667
bc492d15-585d-4c74-9579-2619b0024281,Brooke Mcintosh,prattgregory@example.net,2,2,2,4.0
fe8e063a-b4cc-412d-ab23-88ce2f09245e,Nicholas Logan,millerstephen@example.com,2,0,7,6.333333333333333
55c212ca-2935-460c-9247-0d215399716c,Linda Hart,connieclay@example.net,7,0,6,7.666666666666667
06945979-aaf8-48a6-89ed-bc8998e45807,Gordon Maxwell,mccartyruth@example.org,8,4,2,5.333333333333333
95d5291e-c2cb-4641-8bf3-24ccb0447ee8,Charles Woods,joshuabennett@example.org,8,2,6,7.333333333333333
5fdb94c0-7ad3-4132-aeab-6fb037046c92,Kent Hernandez,david71@example.net,10,0,1,7.0
0ceb78a7-1f58-40eb-b463-ff11d358735c,Brianna Smith,jamesglover@example.com,8,4,0,4.666666666666667
d4d09f63-c72e-412c-a8af-b2f7592c0f16,Lori Hall,jacksonjames@example.net,6,0,6,7.333333333333333
3ded27b1-c5ab-4192-913a-596113d33702,Cameron Fuller,carpentermichael@example.com,3,3,3,4.333333333333333
4f71b1cd-a933-4ed2-8db0-0ca21c231729,Joshua Brown,gbailey@example.com,6,0,8,8.0
4006008f-e049-4eee-ac01-ac45f8bac8f7,Tina Edwards,sharon82@example.org,9,2,4,7.0
7385c81e-8bdb-4b0f-a2f5-d72c947e142c,Jennifer Logan,rogerfields@example.net,2,2,2,4.0
1e06064f-06c4-4aca-862d-3cb56592d1cb,Randall Williams,tonyterry@example.org,7,3,7,7.0
b957ed59-0a04-48d9-9e4d-bfc19fd2f668,Jim Wang,dawn29@example.com,6,1,5,6.666666666666667
d4601483-a2c4-48a5-b924-b1d00d5d6e3d,Pamela Jones,harrellaaron@example.org,5,3,9,7.0
f3b6a31d-1840-40d3-9b97-7933cc830489,Amanda Brown,perezmark@example.com,5,2,0,4.333333333333333
e53d8009-013f-4c08-96db-4dec9eefe603,Lisa Gray,millercarlos@example.com,9,2,8,8.333333333333334
7d37ad15-5e86-4342-bd45-5436aaa670bb,Mitchell Martinez,mollygamble@example.net,8,2,5,7.0
8c3e1adc-8463-4220-893e-6b9c3a23346b,David Hayden,wilsondaniel@example.org,5,4,2,4.333333333333333
7d3d4568-77ab-4484-9d5e-c5c551fc41a2,Sarah Bautista,butlervictoria@example.net,3,3,1,3.6666666666666665
1ff5c027-bb31-4c7f-81f7-840781f405d3,Matthew Myers,heathercross@example.net,6,2,1,5.0
a83df893-e7e0-408b-9c4a-393173ea521a,Melissa Underwood,jennifer02@example.net,5,2,9,7.333333333333333
3eeff5c1-4819-4b3c-84d2-0f22ff7874af,Erin Johnson,volsen@example.com,6,2,9,7.666666666666667
384eee65-b77e-4a1d-83bf-882193bb8cef,Charles Berry,bethanywillis@example.com,3,4,2,3.6666666666666665
0e0de9cb-39ef-4994-8b92-4eeafc02d92f,Renee Miller,browndavid@example.com,6,2,0,4.666666666666667
5b4c8cac-422a-40b6-9d69-7eb29a7908c4,Kimberly Leach,danielthomas@example.org,6,2,1,5.0
31a7d85b-507b-4b47-b615-162ac0fdba11,Sarah Smith,cynthia97@example.net,5,3,1,4.333333333333333
c2531381-0a0e-4cb9-b6a9-42ef4cc21796,Glen Silva,debbiethomas@example.org,4,0,2,5.333333333333333
c8259cd1-5f60-44bf-8e40-585e17234ea4,David Sullivan,allenlindsay@example.com,6,3,7,6.666666666666667
b42cf117-87da-4074-bcc8-5c6bcaf12b77,Stephanie Cardenas,tristanwagner@example.com,6,1,5,6.666666666666667
91b6f875-0ea2-4b65-9188-b6acf23defbd,Jacob Trujillo,james29@example.net,3,1,4,5.333333333333333
74b7c1b6-b3e9-48b2-9f28-33a750fc176f,Penny Anderson,josephrichardson@example.com,8,2,0,5.333333333333333
dae12760-903d-45df-a793-a8c4869fb30e,Suzanne Hanna,markthompson@example.com,1,2,2,3.6666666666666665
a3987572-87f9-44f4-bc95-02567ce3a0bf,Christine Hines,robertstimothy@example.net,6,3,0,4.333333333333333
0a86846e-5f0e-40d8-9da2-508e54366134,Christine Austin,frederickrice@example.net,2,1,1,4.0
fcae18b1-0c32-49ff-84b7-ab23481698e1,James Mcclain,jesse54@example.net,5,1,8,7.333333333333333
57eb78d3-6c1e-4ef8-bdd6-26fba951398b,Vincent Sexton,mandymiller@example.net,3,0,6,6.333333333333333
a0c628fe-53b7-43a2-b203-c02bbcaaf20c,Frank Escobar,mwilson@example.org,8,2,0,5.333333333333333
8ef19809-6668-4acf-a71c-902b1cfeebb5,Pamela Fuller,andrewlynch@example.com,5,3,4,5.333333333333333
053069aa-ef7a-4f37-8294-4eee0aa5eccb,Sarah Erickson,rkelley@example.org,0,2,1,3.0
9e1da051-dfef-4207-826a-3ed9224a873b,Ray Mullins,lmartin@example.com,3,0,2,5.0
32979c52-6e36-4c64-9ca3-4a4bf4214dcf,Joseph Morrison,randallperez@example.net,5,3,6,6.0
d662add5-155c-4c64-a324-658f8f4b89f4,Cory Wang,shirleymoran@example.org,7,1,3,6.333333333333333
7166340f-de77-432d-b9d4-657bbf58caed,Ms. Shelly Baker,gregory88@example.net,6,5,6,5.666666666666667
7e5388b4-0034-4c24-93ba-7e7f6d3611f7,Theresa Warren,masonwilliam@example.net,6,3,3,5.333333333333333
1ac348f4-b5e8-44c8-a22a-e5bbc8a58ebf,Dana Lynch,evan14@example.org,3,0,3,5.333333333333333
68ed8599-8989-4345-a9d9-5f2e9ad61357,Michael Scott,jenniferfields@example.net,5,3,2,4.666666666666667
075729b8-7bef-46ef-96ef-7ff7e97536ae,Christine Navarro,ibarratara@example.org,5,1,0,4.666666666666667
240d3acc-6d9c-4b75-ab91-faef5976759d,Lisa Miller,toni99@example.com,5,0,7,7.333333333333333
861cca69-63bd-47e3-a8e8-30717acbeb71,Juan Mcintyre,jennifermyers@example.com,3,4,6,5.0
8af07d28-da61-4fdd-986d-8f94fb0ec40a,Cathy Patel,guerreroalison@example.net,3,5,9,5.666666666666667
58ea4a2a-cfc1-4b50-96b0-524feead520c,Curtis Fleming,janet55@example.com,4,0,7,7.0
9313bdaf-25a9-45cb-9ec7-f71420bdae27,Sherry Parks,wsanchez@example.org,4,0,0,4.666666666666667
0fd98554-39c0-4ab0-9f07-04cc6ae04bd5,Phillip Martin,mayjanice@example.com,12,0,8,10.0
b1eb96f8-72cd-4216-ad92-5571cf68553b,Mary Escobar,sfleming@example.com,2,3,0,3.0
6ccf5284-faca-410e-9e2d-0c1ecffc3ab7,John Mckenzie,achase@example.net,9,4,3,6.0
94045cce-9c76-4afb-867a-91f6b23ac53a,Brett Miller,goodwinmark@example.org,8,1,6,7.666666666666667
0a388d2e-e1ad-442d-b466-3a61b93f8442,Sydney Carter,kbates@example.net,4,3,8,6.333333333333333
b2e4a514-cb61-410f-8f15-912b59b5ffef,Meagan Williams,jyang@example.org,5,2,2,5.0
8e935877-8dea-4029-8341-69f03b215205,Justin Stevenson,hjackson@example.net,4,2,8,6.666666666666667
9ab6b67c-2b98-4e4f-92cc-22b0900ae81e,Leah Bell,patricialopez@example.org,4,3,5,5.333333333333333
2679c7f5-119d-4705-a04e-cacd8074167d,Martin Payne,zkim@example.com,6,0,2,6.0
4a0a66a5-eaaf-44bd-8ec9-4fbebadd55d5,Meredith Gonzales,longjoseph@example.org,3,4,5,4.666666666666667
871e5965-4c74-411c-8d00-841a000ade2f,James Mack,torresjennifer@example.com,6,3,3,5.333333333333333
fff39c14-e534-47a9-9f31-df33b2cd29c4,Peter Jones,keithsimpson@example.org,2,2,8,6.0
362c8767-012a-4866-b28e-722b0993c961,David Kirk,jgallegos@example.net,2,2,7,5.666666666666667
d1985658-cda2-41bf-b547-eb2b6a93a255,James Lee,stephanie01@example.org,5,3,9,7.0
717cb6e1-b915-4a31-a530-6587fa6637de,Julie Wilson,jroberts@example.net,5,1,6,6.666666666666667
9409fb3e-12bc-4d11-a2ea-29937f610b1f,John Montoya,darrellrios@example.org,4,1,6,6.333333333333333
92f51cf6-5378-4c27-a961-6d75f4f8b6b7,Michelle Martin,kimberlyrowe@example.com,1,5,3,3.0
01f07796-c517-434c-9018-79359ad8cf8e,Katrina Hansen,brockbrian@example.net,3,2,2,4.333333333333333
77a8a045-d4dc-4c56-ac86-4dea1584a025,Amber Williams,clarkheather@example.org,2,1,3,4.666666666666667
b09d09e5-bafa-4749-8e1e-84f708fa9ff1,Amanda Mckee,barbermichael@example.net,7,2,7,7.333333333333333
34f0eb92-32b0-439b-869d-2b80e3216866,Keith Anderson,leerenee@example.org,4,0,7,7.0
ecd8c648-a8a0-407d-99a2-4ccd03e75966,Kayla Wright,mbryant@example.org,3,2,4,5.0
7f678c15-cddf-42f8-a3f4-bd6af7e52afe,Keith Coleman,crodriguez@example.org,1,1,6,5.333333333333333
042cf6df-629d-4fcc-b3a6-9748222805e7,Jason Orozco,ohunt@example.net,6,2,7,7.0
56af4b86-15da-43ba-a67b-0c75a7146862,Lisa Chavez,ychambers@example.net,6,0,0,5.333333333333333
585f8d0d-2a08-490c-ac4c-1acd61b158d4,Brandon Palmer,herickson@example.net,7,2,9,8.0
60d3a776-4656-43b3-80cc-30e75042ea30,Catherine Ward,samantha07@example.com,4,1,3,5.333333333333333
efee9893-3bc4-4cad-bddf-d8555ac56b11,Sean Lane,lrivers@example.org,5,0,3,6.0
9df05774-3417-4f8e-9eb8-175a27c7dd4c,Anthony Reeves,inelson@example.com,4,1,0,4.333333333333333
6b57b6fa-de6b-4a18-b348-28f442be5448,Rebecca Carson,matthew80@example.net,7,0,6,7.666666666666667
29dcff55-2333-4292-83ca-9224011df19c,Allison Roberts,wardjohn@example.org,5,1,0,4.666666666666667
710ce3bf-792f-4664-978d-447654f427d1,Susan Michael,xpena@example.com,2,1,4,5.0
6a6358d0-9d9d-4c82-bfae-39201c7db346,Jason Rodriguez,ashley73@example.com,9,2,2,6.333333333333333
a2b32bff-6aa9-4954-bebf-3e9664e9730b,Natalie Vazquez,chenraymond@example.org,5,5,6,5.333333333333333
e4a4d399-9cda-44de-847d-3ceea043affb,Patricia Brown,daniel50@example.net,6,0,5,7.0
f0795015-e53b-400d-9c1a-2858304254f3,Bethany Williams,andersonanthony@example.com,6,3,1,4.666666666666667
6bc81086-d113-4f99-bd05-33ecd159405b,Veronica Cortez,michelle59@example.org,5,2,7,6.666666666666667
c44645a2-9d0a-4056-a705-88c1d20d912d,Carrie Fowler,pvargas@example.org,4,1,6,6.333333333333333
c63222a5-a699-4325-b0f2-6a54818fc521,Steven Lopez,justin19@example.net,7,2,4,6.333333333333333
b2e04fd9-cb30-4f11-9734-ed7094f30b91,Kim Ford,steven88@example.net,4,0,7,7.0
e5112645-cb06-41ea-a6d9-56a4c97320c4,Douglas Mendez,renee04@example.org,7,2,7,7.333333333333333
8e29e54d-8095-423e-8b6f-1d346d91bd07,Nancy Kelly,jonesdanielle@example.com,2,1,5,5.333333333333333
4248a9e3-abc3-4aad-9697-d8c747b55bce,Stephanie Roberts,robertstracie@example.org,3,3,4,4.666666666666667
8a7a91d3-4b32-4282-ba12-4fba1f113058,John Perez,washingtonmegan@example.com,6,4,5,5.666666666666667
88e54568-135a-4c91-9b10-39151665baf1,Lauren Moreno,collinsbrandon@example.org,6,1,1,5.333333333333333
f1851fd5-0f19-4d52-8d33-e9676ae4b31c,Pamela Schneider,jonathan33@example.net,1,4,3,3.3333333333333335
cb20d3b5-9e4c-44d4-bd6f-a09033644f99,Dustin Garcia,richard26@example.com,4,3,8,6.333333333333333
b5ea9f4a-2ea4-4f2a-90e9-03b230eaf0ee,Brian Brady,brenda94@example.org,1,1,0,3.3333333333333335
a25b01f5-6063-48de-a9ae-7798dafbd66e,Cynthia Juarez,perezmichelle@example.com,8,1,3,6.666666666666667
b14eff19-0076-4cd4-9618-4021761fe235,Paige Zuniga,npalmer@example.com,10,2,1,6.333333333333333
aee8a9ad-0002-4c9e-96aa-13096cde8160,Brian Sanchez,jduke@example.net,1,2,0,3.0
d40bd34a-5a2a-4f2c-9ddd-1ec4066cd016,Robert Martin,brittanyday@example.com,8,2,2,6.0
0dd312b9-2ad0-42db-bfee-fb682df41020,Scott Graham,andersonaustin@example.com,5,3,7,6.333333333333333
d88590b7-86b1-4454-bd28-1120e48c7b31,Beverly Morales,gregorygarcia@example.org,4,4,8,6.0
f936a821-c6ae-4a43-8f58-ba0782d58f21,Nicole Fernandez,powellsean@example.net,6,4,8,6.666666666666667
20906898-950d-45fe-9c33-36e11960a1d0,Nicole Murray,benjamindavis@example.com,5,1,4,6.0
6412d750-f996-40b8-a5ac-012d7ed51633,Theresa Davis,mmurphy@example.org,7,3,6,6.666666666666667
88d29603-a714-4d24-8714-c130934834ba,Ashley Butler,william19@example.org,8,2,2,6.0
5e2ebc47-8083-4fdd-b863-6f12f05cd0d2,Zachary Ramos,kelseybaker@example.net,4,2,7,6.333333333333333
de1bf378-99c8-46f3-8caf-134ae9d96fab,Nathaniel Simpson,barbara83@example.org,1,2,7,5.333333333333333
22c2b3d9-5585-4e49-85d2-39441966e4da,Derrick Matthews,smithjoanna@example.com,7,3,1,5.0
65c12a76-3b8e-4889-a3b3-8b0881097bda,Rebecca Knox,kimberly42@example.org,6,2,9,7.666666666666667
8062fccb-bd52-4640-9bd5-929ec4aad4af,Robin Bridges,thomassmith@example.org,4,1,2,5.0
b145344d-3713-48a4-96ba-54d86c541f3b,Daniel Morgan,angela60@example.org,6,0,5,7.0
3e0572ed-e5c4-41c4-a995-2605af98be30,Cameron Blake,sfrank@example.com,5,1,7,7.0
e4909749-536d-4668-b81b-00c4b0805855,Sandra Landry,iwarren@example.org,8,1,5,7.333333333333333
36c14ea3-8809-4a74-8e9c-51549e50e4c4,Megan Fisher,pmccarty@example.org,5,1,0,4.666666666666667
3627a5e2-4868-4476-869e-ee7e0703b047,Jill Lang,gthompson@example.net,7,5,7,6.333333333333333
34530869-f349-48c7-a780-882ffb868deb,Eddie Chaney,phillipmcclure@example.com,1,1,4,4.666666666666667
0ff8d397-6a8d-45dc-9778-cb37f67170f3,Erica Young,cwilson@example.com,5,3,6,6.0
fd232a1b-af27-47e3-857c-1acfdd6a9270,Brandy Whitehead,michael25@example.org,4,2,6,6.0
b5fd8e6b-2acc-4492-b078-6c10d4b269b2,Catherine Stevenson,johnsondylan@example.org,3,3,8,6.0
58fe032b-d2a7-415e-8548-3cf1216c7380,Julie Jones DDS,carpenterandrea@example.com,0,6,0,1.3333333333333333
f0933574-f137-4373-aaa4-9086475ce05b,Monica Stephens,kimberlyjohnson@example.net,5,4,1,4.0
bb0b9265-03b7-4b9a-993c-12734effef9f,Jason Martinez,cgonzalez@example.com,7,0,5,7.333333333333333
9f9f18e4-7b3d-48e3-8e89-5e9ecb96cf38,Maria Meyer,troymcdonald@example.com,3,1,9,7.0
6510afc7-6b5c-45c3-bd83-d01af39a8b80,Andrea West,lspears@example.net,5,3,4,5.333333333333333
c060c03b-d334-482f-8c8e-f990da35b8e9,Autumn Walls,lhanson@example.net,6,0,0,5.333333333333333
7f587d98-4d94-4c5b-a510-cea979e223d4,Kara Austin,acline@example.org,5,2,7,6.666666666666667
3ea58a21-a833-4947-bae9-f967fc851ea8,Nicholas Dyer,sarah74@example.com,10,1,5,8.0
a78f9060-6206-4d33-b58a-2cb8d76d5145,Natalie Morales,ijones@example.com,2,4,1,3.0
da0dccc6-b5b3-474d-b7b3-3ddf0a86f329,Melvin Solomon,ssmith@example.org,3,2,3,4.666666666666667
972b041a-6091-417d-aea9-60650a09283e,Jamie Dickerson,karenperry@example.net,6,1,4,6.333333333333333
b5126e43-17d8-4eae-9269-9ad49f04ba95,Trevor Perez,pnewman@example.net,3,3,0,3.3333333333333335
6c7a4fc9-cd8a-4b10-b63b-2d9aa8c991b8,Richard Jones,ypittman@example.org,3,2,3,4.666666666666667
81e30f29-e2e8-46bf-bf25-6f258cf30ecb,Peter Perez,leslie92@example.com,4,1,2,5.0
a84d8dc3-9998-4513-a86f-4a244a3feffc,Megan Smith,nicole56@example.com,11,2,9,9.333333333333334
dce42416-e1e5-481a-a3dd-3277fe9d6009,David Atkins,ysharp@example.org,3,2,9,6.666666666666667
fef328f9-48cf-4345-8ab8-0156c954f007,Tamara Matthews,riveraeric@example.com,7,0,3,6.666666666666667
e5d52a3c-c762-46b5-b878-8ce4d2889d25,Jamie Jones,garciaamanda@example.net,5,0,1,5.333333333333333
78891a70-0759-4e4a-bcc5-8b0c55c59396,Sara White,mitchellaaron@example.net,6,2,4,6.0
e471101b-38c7-4a01-8f3c-d737c676f7b7,Nathan Conner,scottcrawford@example.net,4,2,8,6.666666666666667
bee649c7-3d78-4118-8ffd-d159501d8fa4,Christopher Garcia,kristin83@example.com,4,4,3,4.333333333333333
ae741da9-8afe-4157-a8f1-8e76985e8e83,Mary Cruz,iwood@example.net,7,2,6,7.0
90871f12-7dcd-4127-ac00-38b7cfbf7adf,Phillip Smith,cherylhill@example.com,1,3,6,4.666666666666667
10300743-aef5-41d3-8da8-e6e9425d4a94,Peter House,robert19@example.net,6,2,2,5.333333333333333
d06fa73d-3f98-49f3-814e-9d8f88ebedf4,Tiffany Melendez,kayla86@example.net,6,1,8,7.666666666666667
1c92d38f-ef94-4567-85a4-6cb3257868f0,Jessica Rivera,christopher06@example.net,6,0,5,7.0
c7b8bff9-fde8-4a5c-819c-edef91efb3ff,Dennis Rogers,hmcdonald@example.org,6,2,6,6.666666666666667
67606d7a-143d-4898-a031-0624fcce0bc4,Marilyn Dixon,markfloyd@example.com,6,3,3,5.333333333333333
969bba17-af85-4aa4-a5f6-c140fb3165f0,Hannah Horn,priscilla34@example.org,4,2,3,5.0
a54bf1b6-4aa0-4c1b-aefc-989ee1767857,Wanda Herrera,jillhuffman@example.net,8,2,0,5.333333333333333
9c48861b-4626-46bf-acf9-2ed2c7014b33,Angela Maldonado,karenpeterson@example.com,3,2,9,6.666666666666667
df5139ce-0755-406b-8a9f-c15801826fc8,Sean Hansen,tinagomez@example.net,2,2,3,4.333333333333333
66c8fe6e-4f94-4c10-b5b5-9a612f91e4ef,Veronica Lang,ojimenez@example.org,4,0,5,6.333333333333333
3532c061-a946-4c6f-bac3-6016f6ac7dc9,Dustin Calhoun,townsendjennifer@example.net,8,4,7,7.0
d0574e37-bf2b-45ee-a6a9-85268a27699e,Gerald Moreno,omartinez@example.org,3,3,6,5.333333333333333
103544a0-81cf-49d8-9134-8223f14850a0,Brian Swanson,ellisstephen@example.net,3,2,7,6.0
773845d6-f79c-42fd-a417-53a99b5c99e9,Sara Dunn,marymiller@example.com,5,3,0,4.0
630d233f-3511-4407-8471-cfad007715ca,Melissa Foster,wjohnson@example.net,5,1,3,5.666666666666667
2dc1409f-9b0d-45f7-aeff-5ff4bee8e8be,Emma Carter,jacksonkayla@example.org,6,3,1,4.666666666666667
2d76d9cc-5a2d-414b-9768-5f079f06d147,Matthew Ellis,fjones@example.com,4,2,8,6.666666666666667
011466ef-9d14-42b1-acf6-d90666904e2e,Theresa Brewer,andrew76@example.org,5,2,5,6.0
24ab6d1b-a877-48c7-929f-6404ad0244ad,Miss Danielle Peterson,rebeccagarcia@example.org,5,4,1,4.0
7ad14aaf-7b4d-4d5b-8457-6d4804787263,Ronald King,jenniferhicks@example.com,10,3,5,7.333333333333333
57b54dfe-5343-4b32-8000-53c9a0a56f75,Ryan Rose,xlopez@example.org,4,2,9,7.0
fa923212-189e-4716-a373-b43837efed33,Jeremy Miller,kathryngonzalez@example.net,8,3,5,6.666666666666667
9ee8afb6-d901-4c6d-a775-3ab692d9f243,Kelly Davis,nicole74@example.org,0,0,5,5.0
b951470d-a684-495f-8179-90dc0a9f5b28,Susan Miller,rroberts@example.net,7,2,7,7.333333333333333
934edc3d-ac00-4fb9-bb3e-9038906630df,Darlene Clark,evelyn36@example.net,6,1,4,6.333333333333333
1dfcc251-0b7a-47ee-95a0-d2b930c4547d,Ronald Barr,quinnkaren@example.net,6,2,9,7.666666666666667
5cdcc9a5-7463-4d14-b8de-9e577b6b87da,Erik Buchanan,jtaylor@example.com,4,1,7,6.666666666666667
b4db9531-0c4d-49ad-a6dc-137ac1786355,Kenneth Marsh,handerson@example.com,7,2,7,7.333333333333333
1dc37cce-4777-45a3-91c5-519e02147182,Melissa Mooney,odalton@example.org,8,4,2,5.333333333333333
91a31bd3-1eab-46c6-ae41-08cc83fe35be,Hannah Perry,rbrady@example.com,9,2,8,8.333333333333334
f01e8528-2eda-4f76-9f84-6ea0b62ebecf,Thomas Smith,qmiller@example.com,6,0,5,7.0
82150a31-eab5-4236-92ca-b8ac4d740853,Michael Johnson,sgutierrez@example.net,6,1,5,6.666666666666667
8dc8fc41-9380-41de-b99e-5d3388f9d360,Kelly Warren,zmyers@example.com,5,3,7,6.333333333333333
90799352-7fb3-494e-9844-052e9c795ead,Jessica Wright,lynchwhitney@example.net,8,2,2,6.0
a3c4f2ae-57d9-467b-b893-7d765dbe1b92,Lauren Wright,julia09@example.org,15,3,0,7.333333333333333
056ad485-2f2f-4651-9f71-7e3660fb6cf3,Allison Holt,qbutler@example.net,1,3,3,3.6666666666666665
408431d9-0c07-4cca-8c46-c8155ee0baaa,Joseph Wheeler,christianmonroe@example.org,4,1,0,4.333333333333333
3bf81c81-2c21-4a4c-9800-f86ddde10fa8,Caleb Lopez,riveradavid@example.net,4,1,5,6.0
75d813f3-86e2-487e-9409-1279da896476,Donna Hernandez,nicolewoods@example.org,6,2,9,7.666666666666667
2c2df7b3-0172-4fbb-a157-5bda7e9c032b,Amy Copeland,efoster@example.org,3,1,0,4.0
293fb5c5-bb1c-4065-8029-9695d0795b63,Joshua Harrington MD,kyle95@example.com,2,2,1,3.6666666666666665
5d6db0d0-cc4e-4d51-ae10-6f83aefd3e1b,Lucas Little,angelatran@example.net,2,1,9,6.666666666666667
701e91fd-fa0d-45a7-8fd2-7442ed25ada9,Karen Wright,brandonbeck@example.com,6,3,4,5.666666666666667
4953318e-2639-41cf-84e3-97e98a9c135a,Gary Davis,joshua10@example.net,7,1,3,6.333333333333333
88354d03-aacb-40ff-a87b-3c78092ef18a,Shannon Leonard,walter42@example.org,1,1,2,4.0
03eb38fc-1307-4328-a445-25679525b8db,Jeremy Shelton,mross@example.org,11,2,9,9.333333333333334
214c1f5c-040d-454e-949b-d1be5eae0249,Cassidy Cervantes,joelgrimes@example.org,3,2,0,3.6666666666666665
ff98cd01-4018-42a4-b07a-c5664d256c40,Angela Johnson,hunterallen@example.com,7,5,5,5.666666666666667
02fcf6b2-e489-4dd0-8ce2-bfb36417ab92,Krista Williams,dylanpearson@example.org,1,3,7,5.0
57120b05-1e62-410c-b246-ef463446e1e0,Brett Clay,kristen95@example.org,6,2,1,5.0
a6409e4a-f1e6-4313-9c98-4340f7e6a46b,Brian Hanson,gmiller@example.org,4,3,4,5.0
b6a88290-8fa9-4108-a7c5-e8c42bc1d40d,Justin Freeman,zachary25@example.net,6,2,2,5.333333333333333
fa7b037f-499f-40ec-9669-2c5200314870,Elizabeth Taylor,emcpherson@example.com,7,3,2,5.333333333333333
f88ec7f1-a083-4705-b5d2-2c546187f641,Joseph Ferguson,amiller@example.org,6,2,8,7.333333333333333
648a2b0f-9255-40f3-a17a-02024e92fae7,Aaron Little,michaelbarton@example.org,2,1,2,4.333333333333333
56a41d79-84d3-4f3f-b196-46876a1512e9,Russell May,aspencer@example.net,3,1,4,5.333333333333333
357f2834-32e8-4fae-804f-72ce943f3b34,Joel Vincent,baxterveronica@example.com,7,2,6,7.0
0e697439-327d-43a7-9687-bc00f31921e9,Patrick Castillo,angela79@example.com,7,1,3,6.333333333333333
c0c279c4-daa7-4a0c-9f04-497f223b3055,Laura Chandler,martinezlisa@example.com,4,0,4,6.0
0f914764-7371-427f-bbf9-5165408c06c8,Daniel Sanford,laurenjoyce@example.org,3,2,8,6.333333333333333
e0b75d2c-a2c3-42d2-9eb1-31d325f9d0ad,Michael Snyder,bhansen@example.org,6,2,1,5.0
762ab8cf-64dc-4644-96f5-824a7db434ca,Lisa Parks,selena30@example.net,4,1,2,5.0
39821ace-f923-4971-84f8-866966b0fbdb,Richard Jones,williamsbrittany@example.net,4,2,4,5.333333333333333
31936f4d-e1d3-498b-b9dd-17532b52ac36,Michael Mcclure,ruth39@example.net,4,1,2,5.0
56a68e47-8fae-4a8c-9271-41904ef3832d,Taylor Schmidt,lisa59@example.net,6,1,4,6.333333333333333
2f097088-eb57-4b1f-976f-568ff6b774a7,Hannah Mays,beardjennifer@example.com,3,0,8,7.0
db901ce9-1cb1-4d66-b8fe-48a890f9968c,Stacy Frazier,brandihendricks@example.net,4,0,9,7.666666666666667
e80ac752-ad12-4a09-8f7f-00887271b6aa,Rachel Burke,hannahwallace@example.com,11,1,8,9.333333333333334
9aed9c30-8080-462a-abff-8acf5a97b1e8,Brianna Perry,bknight@example.org,4,3,4,5.0
64604317-f5f4-476c-a661-51023fded576,Krystal Wagner,karenwalsh@example.net,10,4,2,6.0
92d97737-f66b-4318-aeab-8b720b68c770,Dr. Amanda Jones,garzajulie@example.org,3,2,2,4.333333333333333
18db3e49-2e68-44b7-8813-8207619df1fb,Brandon Gomez,uwoods@example.org,8,1,4,7.0
aa6c58df-71a8-4e71-b1ac-192d91a744d4,Timothy Mcintyre,lisamoore@example.org,4,1,1,4.666666666666667
fac07c4b-6f7b-4539-a4a4-16b6038d757a,Richard Sanders,turnerchristian@example.com,2,3,1,3.3333333333333335
d27dfb58-f28d-4696-bb38-8791403ed8c0,Dustin Bauer,jessicaallen@example.com,5,3,3,5.0
4f3e2e58-69d5-43d2-a1c0-e590d0ea8f75,Kelly Cunningham,nicoleturner@example.com,4,0,8,7.333333333333333
b8db6cee-9e7d-44d3-9774-070aa8ba0ea7,Meghan Wheeler,joseph32@example.net,4,2,4,5.333333333333333
90b5fc79-370a-4c7d-bcf1-68e2d5b98471,Michael Dominguez,kwilliams@example.com,6,1,3,6.0
b932fb1b-0b0a-4d01-8412-d4385e39c933,Marcia Rice,amandapearson@example.net,2,1,8,6.333333333333333
a6216f20-a1e8-4228-adda-e8e2f9c60ebf,Charles Patel,edward26@example.org,3,3,4,4.666666666666667
1a0046d8-e8f8-444f-8c26-3acca5d2b64e,Todd Ruiz,oconnoralex@example.org,5,3,3,5.0
c0c08173-967f-47a6-803f-8eed7c232d2c,Crystal Johnson,jodi13@example.org,5,5,2,4.0
b7c05eb3-4be7-44e8-9c15-825f2c55059f,Jennifer Warren,roymiranda@example.net,6,2,9,7.666666666666667
3c7f23e2-c9fe-440b-96c2-a1f2b6f6479f,Wanda Rhodes,kristinhunter@example.net,2,1,8,6.333333333333333
32e714ad-6b57-4971-b9fc-52fd971ae7d2,Oscar Davis,melissawalsh@example.com,4,1,5,6.0
08954e71-6117-45ad-9e13-a19c37874f72,Kevin Serrano,dmelton@example.com,5,1,6,6.666666666666667
d7bdd1bb-4a62-442e-8849-3e70f41a5b35,Sara Fuller,psullivan@example.com,6,3,9,7.333333333333333
a2ab303d-f39d-4ae9-b6b7-1cb7bad7629e,James Bentley,tammie88@example.net,5,3,8,6.666666666666667
3318cfcf-3bd5-48bc-91e5-f5851d4aed14,Andrew Perez,louis98@example.org,2,2,9,6.333333333333333
b0d76e35-32b7-4ed3-956b-a1e13e6894fd,Holly Jones,angela85@example.com,2,0,5,5.666666666666667
3f6caf0b-40b6-4dff-83c3-7d5aa33ed52a,Chris Anderson,hayesmaria@example.net,8,0,7,8.333333333333334
8ab07617-a6c5-44b6-bc30-f167d1a323d1,Scott Larson,teresa94@example.net,1,3,0,2.6666666666666665
c2e273c6-1ceb-401b-865b-21dbdf8a9382,Brett Baird,xdunn@example.org,9,2,8,8.333333333333334
1a047240-82b2-4539-807d-462fe179f0ff,Aaron Dawson,chavezjessica@example.org,0,1,5,4.666666666666667
5bff0a57-faea-4ce5-98b7-de5fbb54e92d,Andrew Obrien,christopher81@example.org,7,2,1,5.333333333333333
ff4717ec-0f8c-443e-b90f-0e71ba11fb47,Nancy Rivera,powellangela@example.com,4,0,2,5.333333333333333
b1dcd84c-20cc-4707-880d-69855f02db29,Gina Walsh,fwilliams@example.com,4,4,6,5.333333333333333
c5354af7-07d4-4645-83bd-abaa791ffa87,Tyler Mayo,katherinedixon@example.net,3,0,8,7.0
9e1a1347-da2d-42d0-b07e-ecd7f6bad129,Angelica Daniels,danielstaylor@example.net,3,3,0,3.3333333333333335
0e4eac78-c800-4b67-8c9c-c8cbe2a4a162,Jordan Logan,tuckersheila@example.org,2,4,2,3.3333333333333335
e82b6487-b223-46a2-8911-d4e238f914b8,Peter Skinner,vcook@example.org,9,1,6,8.0
9f0a84e8-59af-46a5-9f07-9190fe49dafd,Rhonda Dorsey,mike66@example.net,9,1,7,8.333333333333334
af3eb3fc-8aa6-480c-b596-f2088e11f9c5,Matthew Ford,christopher16@example.org,2,0,5,5.666666666666667
450745cf-0fc9-414c-8c51-0a37bbbda10f,Anthony Nelson,uross@example.com,3,1,4,5.333333333333333
1a0f33a0-0f14-49c4-ae40-109514a6914e,Kyle Gonzales,mejiasara@example.net,4,1,1,4.666666666666667
6f3feaac-a582-4885-8840-564802d302de,Connor Fuller,emily48@example.com,2,1,0,3.6666666666666665
fddb020d-6872-4d4e-84d9-55e8e23d068d,Alexander Edwards,adam84@example.net,2,1,9,6.666666666666667
1aa44677-086a-4d77-97a1-82e1ede5c83a,Dr. Joseph Davis,christianjacqueline@example.com,6,3,6,6.333333333333333
79c89266-ce66-4cf2-97ab-5d89a2812251,Amanda Clay,williamsjade@example.net,2,3,9,6.0
f64640e8-201b-4cdf-bd7f-bc377edfb90f,Melody Johnson,melissa81@example.com,7,2,8,7.666666666666667
989562c4-f246-492f-a51a-b04774af6f18,Melissa Espinoza,josephhall@example.net,3,0,9,7.333333333333333
e7a5cd4a-6783-4f06-848b-668bd6c7247c,Samuel Anderson,gregory57@example.com,7,3,6,6.666666666666667
c14d83cf-2f19-4032-963d-3ed71f168d3e,Benjamin Griffith DVM,jacobmiddleton@example.net,5,4,9,6.666666666666667
d00b0ca4-e2a8-412e-8f6c-687132fbc5a3,Jennifer Anderson,uhicks@example.net,5,4,0,3.6666666666666665
37d952ae-87e1-45d9-bc86-03ac96c676ec,Mrs. Joanne Patel,cgordon@example.org,4,3,9,6.666666666666667
a12c0d64-30f8-47fc-9c5a-66475dae697d,Dr. Marcus Johnson,charlesbrown@example.com,7,2,6,7.0
c07fd9c6-686b-468d-a9fa-01c3e6418fbd,Kim Horton,muellerrobert@example.org,4,2,8,6.666666666666667
518ffab9-f79e-4f85-af00-a6c59ab3e839,Laura Gray,jamesmckinney@example.org,4,3,8,6.333333333333333
088d8776-e8b6-48b3-aa56-d7d6ba6afc57,James Kennedy,tammyavila@example.org,6,2,6,6.666666666666667
de14bb80-e50e-490b-b972-de926186b27a,Timothy Wheeler,gwalker@example.net,3,2,4,5.0
21073c18-afcc-426c-9588-f1d4e08d6c3e,Lindsey Hess,collinskaren@example.org,12,3,3,7.333333333333333
9415a5c3-c9e2-492b-acc9-7a88a51e7453,David Walker,rbell@example.net,8,0,7,8.333333333333334
1c3d863f-5d3f-414f-b850-3c6be0b83ec1,Justin Gill,lisa23@example.org,3,2,2,4.333333333333333
a8855ec9-c277-4039-af8f-8823e16cac39,Ryan Anderson,maria65@example.org,3,1,3,5.0
0d914e0b-65a7-4d37-8e23-5075deff49d3,Ryan Johnson,sharonescobar@example.com,6,0,6,7.333333333333333
cf043b73-ca6b-4aee-a27d-478fe1a0cb21,Chris Greene,tricia02@example.net,3,2,6,5.666666666666667
14eb2071-1013-407d-bda9-0dabc796f69e,Thomas Obrien,wfaulkner@example.net,5,5,9,6.333333333333333
98d556aa-2ff5-4d35-8f9f-b1978e998ec7,Kimberly Lynch,holtbrian@example.org,4,3,2,4.333333333333333
868c581b-4432-4586-abea-92a8145563f3,Travis Clayton,judithatkinson@example.net,5,0,6,7.0
686165bf-49d8-4fcc-8a09-4fd3f92d022a,Taylor Taylor,burnsrichard@example.org,8,5,0,4.333333333333333
edf43cee-321c-4e08-ad52-1fccfb026e6b,Dillon King,burnskayla@example.org,3,2,4,5.0
7e5caf17-7aaf-4a4c-9e4b-3e7b432f1d15,Alan Sullivan,karen68@example.net,5,4,2,4.333333333333333
cf7a7e7a-127a-48ca-9436-0eb3ee320aa2,Timothy Good,scox@example.org,8,2,7,7.666666666666667
ce1e9b5e-d9b6-4e76-9adb-aac190b268ea,Sarah Richardson,alison33@example.com,5,0,6,7.0
f3f41450-b9e5-43cc-98e1-78d1a0d01b3d,Laura Tran,apace@example.net,4,2,4,5.333333333333333
470ddfea-45eb-46f7-a626-de316289c280,Amanda Mullins,hendersonjoshua@example.org,8,0,8,8.666666666666666
faf6a3b4-453c-48a6-8e4f-abd70e1ecec4,Kayla Jenkins,daviswilliam@example.org,3,0,0,4.333333333333333
618d213c-f6c8-466b-a779-4d25b88e7992,Joseph Torres,phillipsmartin@example.net,4,1,6,6.333333333333333
0288acb7-e890-4bb6-a397-bc2d563137be,Lindsey Cummings,coffeyvicki@example.net,7,1,6,7.333333333333333
b4949783-35a2-4bc5-b2d5-15f2ad8cb48f,Matthew Owens,perezmatthew@example.net,1,2,7,5.333333333333333
20c95de9-a9a2-4118-94b0-5f74a034dfa8,Randy Freeman,peterfarrell@example.com,2,4,8,5.333333333333333
e2d3b7aa-e375-4981-8b0f-b2778252e532,Patrick Schultz,athompson@example.org,6,2,5,6.333333333333333
ab29f4a7-31b0-4c5a-be5c-672f1781fa68,Linda Nguyen,amanda12@example.net,5,1,0,4.666666666666667
e7edbb33-160b-4077-8624-6fd34ff12ef0,Linda Johnston,matthew79@example.net,4,3,4,5.0
dfe3b5b2-727c-4102-8a7f-6d3d89e0f5c5,Tammy Hernandez,laura69@example.net,5,3,5,5.666666666666667
ddfe6723-254f-40b8-b679-4e27c275446b,Michael Manning,vfry@example.net,3,1,1,4.333333333333333
36c7722d-7d2f-4bea-ae47-cae4d44fd597,Alicia Taylor,chall@example.net,7,1,1,5.666666666666667
4d86c28f-ce5e-44af-9af0-2add1539e53b,Melissa Nguyen,leediane@example.org,5,1,4,6.0
4ec31730-5093-40c8-8b47-ef275f7b91bc,Wendy Johnson,bryan03@example.net,5,2,1,4.666666666666667
49e91a91-c70a-485e-b7fe-aaac4ea49b51,Glenn Pittman,jacobhenry@example.com,5,1,6,6.666666666666667
2060c01a-16f6-4898-9a9a-19c55b1d2d0a,Gary Johnson,grahamcory@example.com,5,1,2,5.333333333333333
a14d434c-abf7-40fc-b1fe-01a79ee03094,Kristin Bryant,scott26@example.net,3,5,6,4.666666666666667
bbd1b245-cebb-4b99-b0d4-70b98002b307,Jamie Smith,austin57@example.net,3,1,1,4.333333333333333
8730610f-10ed-4bf6-ab33-bb5bbab2bdf9,Susan Ruiz,shaunharris@example.org,6,3,2,5.0
1d6cd60d-f395-440c-b22b-a2ce1e32a325,Kathleen Simmons,aaron92@example.com,2,3,0,3.0
fd5ffe14-7887-4bb9-a0dc-de46b6138157,Dennis Brown,trevinoricardo@example.org,5,2,0,4.333333333333333
3cd0569c-5190-4ea1-9e09-ea522418d0eb,Diana Chang,jacob85@example.net,5,3,7,6.333333333333333
1594b95d-096a-498d-9765-acf072b62cac,Dennis Smith,shieldsnicholas@example.com,5,0,3,6.0
237f785c-d493-449b-ac07-840efab3fa90,Abigail Wilcox,katherinemitchell@example.com,4,1,1,4.666666666666667
faa863b8-499d-489f-b68c-495c5a5acf3f,Abigail Waters,carlrichardson@example.org,7,0,1,6.0
e1be99df-6ed7-4dea-810f-8cbfa0d44b4b,Gloria Ramos,qwilson@example.net,9,1,9,9.0
4827e5af-1a53-4566-9548-e3f80b8bb5f0,Chad Lewis,hhickman@example.com,5,2,0,4.333333333333333
bc5c65e5-9c8e-467b-b513-8a71240e5c8b,Justin Gray,khiggins@example.net,3,3,4,4.666666666666667
838e8c74-88c7-4f8e-b69c-04eed99cb14f,Dana Flores,bcook@example.net,7,2,1,5.333333333333333
c92baffe-2342-4b83-bbad-bcd93833153a,Kevin Browning,scottjoe@example.net,1,1,7,5.666666666666667
dcd1a93d-bfa9-4510-a51c-91dfeb58d833,Mrs. Ariana Morales,todd15@example.org,3,3,6,5.333333333333333
c37b82a6-1a7c-4430-8efa-fcb1eb6ada28,Scott Cohen,teresamckinney@example.net,4,1,0,4.333333333333333
879aef9b-7c64-4e69-86f7-1d5820557652,Elizabeth Barr,rluna@example.net,5,3,8,6.666666666666667
afd7b311-298e-47d6-9eb6-dd5e46783c80,Wendy Johnson,debrajohnson@example.com,5,1,0,4.666666666666667
65b2da13-d650-4b4d-812e-05fb4d95bc6b,Andrew Perez,amanda18@example.com,5,0,4,6.333333333333333
d11c90d1-94b2-4d74-8d42-9eb5104ab4a0,Christina Jones,jacob06@example.org,5,1,0,4.666666666666667
a37bd942-9b42-45bf-ab6a-aa614531bf24,Christina Williams,amber28@example.org,3,3,8,6.0
48fe3a1e-dc9c-4a49-8071-6d77e3d95989,Eric Gallagher,moralesdavid@example.com,7,2,0,5.0
d016416f-f402-4a45-a763-57fc136d62bb,Amy Green,wellsrobert@example.com,4,0,4,6.0
1d5b9165-e3c1-4d3b-a751-765bc1bf0dfb,Larry Summers,justinmills@example.net,4,3,9,6.666666666666667
4fc94f47-34a1-46b0-a338-1b947f6d9cbf,Michael Sanders,sarahmartinez@example.org,1,2,4,4.333333333333333
adfabf07-2588-4dae-9dca-2d029a4abff8,Samuel Smith,elizabeth49@example.com,4,2,4,5.333333333333333
caf84cd9-49b9-4dec-b0a8-a424b735eb40,Eric Hendricks,tina60@example.net,0,3,8,5.0
fe9b0107-cd4a-4692-ad71-d459a123b087,Jeffrey Dixon,rita06@example.org,8,4,8,7.333333333333333
22aea72a-9804-4294-ac9f-b5913cb4d593,Joshua Brooks,hmoyer@example.com,4,2,3,5.0
4986512b-8c76-474b-857b-0fe6d4482120,Robert Davis,zking@example.com,4,1,4,5.666666666666667
a9bf55a6-d989-4553-be31-980386ef45ee,Kathryn Smith,elizabeth55@example.org,9,1,6,8.0
866aafa4-cdbb-455c-837c-bce41325dea0,Andrew Stephenson,cmartin@example.net,3,2,3,4.666666666666667
4e4532fa-ede2-46b9-a3d5-511ae3ec061c,Tammie Arnold,francisco15@example.com,5,0,8,7.666666666666667
ec3a2708-1244-4118-b824-8a37279ba5e8,Michael Watson,maynardcathy@example.net,3,2,7,6.0
0f932727-4e24-4c65-acce-6e0f1b58a763,Randy Olson,laurawatson@example.net,3,1,1,4.333333333333333
2efb1712-3f95-4515-8c3d-ecd531c925c3,Amanda Huff,gkrueger@example.org,7,4,4,5.666666666666667
5eb16214-b0c1-43f9-b6a7-6ae294d04223,Angela Smith,stacey10@example.com,5,3,7,6.333333333333333
d978f769-6349-4e42-9e22-9c7093194985,Crystal Underwood,ronnie58@example.org,4,0,5,6.333333333333333
db55b464-48f8-4075-81cc-12bf42415f71,Angela Perry,dgarcia@example.org,7,0,0,5.666666666666667
bb8b6384-280c-4f7c-b1dc-b9a3544e6c4d,Richard Stuart,ismith@example.org,2,1,7,6.0
329fc48c-f403-4fcb-85bc-469715ac6abe,Monique Flores,jeffreydorsey@example.com,5,2,7,6.666666666666667
9b4f96b1-e9ec-4de7-968d-d84284bef215,William Hatfield MD,james74@example.net,3,4,2,3.6666666666666665
657007ce-fe57-4663-bb0d-0688526cfaa9,Eddie Tate,christopher52@example.org,6,2,8,7.333333333333333
b84c2367-1842-494d-a6d5-92461cbe69e0,Benjamin Brown,vjones@example.com,2,1,2,4.333333333333333
59209613-dd98-492f-93f2-db5d5d5ab6d0,Alexandra Shelton,ppierce@example.com,3,1,1,4.333333333333333
5473016b-9dd9-4295-ba76-efe1cb8cdd2b,Rhonda Williams,smithwilliam@example.net,6,2,6,6.666666666666667
d34fd74c-5aa0-453f-8577-1d8c8766950b,Anthony Parks,anthony56@example.org,9,4,1,5.333333333333333
62eaa28c-e102-4d23-9cdf-2fb0720bea6d,Mark Meyer,trogers@example.org,2,2,9,6.333333333333333
eef62f11-2874-411d-bfa6-23bf42365254,Daniel Mckinney,keithhobbs@example.com,6,2,4,6.0
772c603f-2033-498a-af62-bf02504f35b3,Lauren Watkins,david40@example.com,8,3,4,6.333333333333333
a84df9dd-07dd-4e3e-8177-2674441af51f,Sophia Garcia,johnsonerin@example.net,4,0,8,7.333333333333333
49d72d35-f901-445b-87f7-1e39eb2f7a77,Kathleen Quinn,jessicaware@example.org,7,0,2,6.333333333333333
7eff2341-4b5a-4df9-bbc4-b6c8d4ccdcfa,Michael Wallace,ramirezian@example.com,3,2,0,3.6666666666666665
55cef929-c4d1-4a9c-8cc9-3fba7c4365f4,Austin Cooley,evansautumn@example.com,5,1,8,7.333333333333333
eb164f3d-407f-4ef6-8d27-71efbd2e1bdf,Jonathan Lam,gina03@example.org,5,2,1,4.666666666666667
90eaedc9-7b95-4963-8a13-8c2de9e39698,Edward Roach,fmoss@example.org,8,2,6,7.333333333333333
bc785445-ebcd-4ca5-b5cd-f4eec25d9a2e,Alexandra Santos,jacksonanthony@example.net,10,2,7,8.333333333333334
54e4ac67-7fd2-425b-8fc8-30768c6f276e,Adam Weaver,silvajennifer@example.org,3,2,6,5.666666666666667
a819bd32-6150-4c8c-bb49-b037e622f8dd,Nichole Cook,jeremy68@example.org,8,3,2,5.666666666666667
dea4db7f-047b-44c2-be19-46b16701b879,Janice Hatfield,trichards@example.com,5,2,2,5.0
f9da3178-ac08-4a3c-8ba1-e88da00a9bb7,Nicholas Rodriguez,lisa77@example.net,4,0,1,5.0
bfcf1149-9730-4efa-b559-010d4cd18c22,James Chang,jonathanpark@example.com,7,2,2,5.666666666666667
cfd25e11-bb0b-4132-bba0-dfb179579a5c,Jerome Oconnor,littleholly@example.com,5,2,9,7.333333333333333
0495d6ac-f2cd-4c38-8c0d-728f77889614,Nichole Coleman,zwu@example.net,8,3,5,6.666666666666667
33f06d7c-de08-4008-b479-1b300f8d77e1,Deborah Howard,tayloranne@example.com,4,0,3,5.666666666666667
9ef2cd98-49e4-48e2-8d36-7c042a1625cc,Eric Burns,kcarr@example.org,4,4,5,5.0
d2291a2a-428d-47b8-9a50-a6fbd5a7c2e7,Nicole Blevins,simsjames@example.org,4,3,6,5.666666666666667
f77f03a6-7f80-4ed8-b3e1-2d9f8d41db91,Kenneth Livingston,nicholstimothy@example.com,7,2,3,6.0
40f68e54-e182-4e0f-b115-ed6bf1fe76d8,Charles Garcia,joshua80@example.org,6,2,3,5.666666666666667
cc2d1971-1106-4ca1-a1c3-70bc0222370e,Mr. Kevin Russell,ccole@example.org,3,1,6,6.0
ef782ce2-d46a-40c2-b611-3eb20b189117,Kevin Leach,sduke@example.org,4,2,8,6.666666666666667
8b351aa4-f902-440f-9f1c-bdd1b8017d5a,Matthew Jacobson,scott27@example.net,4,6,5,4.333333333333333
93302d24-3a57-430c-85c3-8f70b0902740,Elizabeth Townsend,kimberlychapman@example.net,2,2,7,5.666666666666667
0905425f-47ae-4213-b56c-dfae72333938,Raymond Robbins,jason97@example.com,7,2,0,5.0
7969bb01-a53b-4824-abed-b34faf778caa,Lisa Richards MD,angelaleach@example.com,3,4,5,4.666666666666667
898b031e-6671-462a-9220-40d9757019c9,Paul Shaw,jessica63@example.com,2,0,6,6.0
415f0321-7331-4cec-810a-43859124b424,Leslie Anderson,bullockdestiny@example.org,6,6,6,5.333333333333333
cc2bacf9-4dcb-4f85-8065-23f2b0f5ffa5,Anthony Schultz,danaholt@example.com,6,2,5,6.333333333333333
c636f703-5275-4448-aeea-686751d3d659,Jessica Ellis,bethshannon@example.com,8,2,8,8.0
27a6cd53-037b-4397-9d4b-904dfc887869,Cristian Golden,christinehall@example.net,6,5,0,3.6666666666666665
34909c44-bebc-47de-a570-01841424a93f,John Wilson,jcole@example.net,5,2,4,5.666666666666667
a57cd833-8a00-4b59-a319-06b1d978e4e6,Keith Johnson,drobles@example.org,6,0,0,5.333333333333333
e2a9c970-c300-48da-85e8-78a9b8d7e22a,Ryan Brown,gibsonkarl@example.org,6,5,6,5.666666666666667
9f3996e6-d41b-4143-9d51-babe631cbf57,James Alvarez,littleanthony@example.com,5,2,3,5.333333333333333
5cb3ce8f-143c-45b3-90e0-c0510311cb0b,Mr. Edward Love Jr.,benjamin42@example.com,3,1,6,6.0
a6d0ad94-b4ba-4683-9fe9-655e44b01f71,Jessica Simpson,bairdbrian@example.org,7,3,2,5.333333333333333
eb282c13-5f96-4cce-9dfd-3e751dbee626,John Lambert,stephen46@example.com,6,1,6,7.0
4684f659-141f-43af-b7d6-698cb05725b7,Latoya Spencer,christopher76@example.net,7,1,2,6.0
38d454d8-1ffa-42fe-9446-48506a62314b,Gabriel Johnson,ramireznichole@example.com,6,2,5,6.333333333333333
3ba4076e-c7b1-498d-a3e8-dde93fde9590,Kevin Woods,lindamartinez@example.org,7,1,0,5.333333333333333
c5065a64-08f8-485b-834d-e3ae16897e90,Michael York,davisjulie@example.org,12,3,8,9.0
11ff7652-b178-4fb7-a1c0-114773a0df65,Stacey Castillo,mathistravis@example.com,5,3,3,5.0
998e25d7-56d6-45db-8a1a-e2f1b3aa2f3d,Christopher Smith,ssmith@example.com,9,2,6,7.666666666666667
4dc99f0b-4e82-4295-af03-5f6dae50d121,Carl Flowers,brianhuerta@example.com,6,1,5,6.666666666666667
8bd29fee-fe14-4afb-b8d7-dc1a03c4b8dd,Christian Jones,theresafranklin@example.net,6,2,4,6.0
4b3bac0c-05ff-47a6-9075-2c3f645810c6,Mrs. Dana Brown,vmcclure@example.org,3,0,6,6.333333333333333
fec11a55-f9a7-4592-bfa2-109dd9aecc4a,Kathleen Reyes,mark53@example.org,4,4,9,6.333333333333333
e518066c-04a4-4074-9cd6-762eb708c35c,Alexis Miller,nmckee@example.org,1,2,1,3.3333333333333335
77caec3c-d17d-4e1d-8e08-2394c938bdfe,Patricia Chandler,kimberlysoto@example.org,1,5,6,4.0
2feedf15-75a2-40e7-94f7-8024fd3f2af4,Shannon Mcbride,gomezamy@example.org,7,2,8,7.666666666666667
46d61b4e-e4e7-485a-b5b1-7c9f799e290d,Catherine Marquez,allisonclark@example.net,5,4,2,4.333333333333333
4e14eb64-cda2-45ee-b1d1-50a7d7972607,Donald Perez,sharonsanchez@example.com,5,3,8,6.666666666666667
4d7f0547-1987-434b-b32f-16f03f9b4278,Christopher Scott,amandawerner@example.net,4,3,3,4.666666666666667
02843f22-4cea-4a85-956d-75680fc06f45,Stephanie Kirk,ronaldholt@example.org,6,2,3,5.666666666666667
65a6223a-c007-4502-a451-d904bf9a1b97,Gregory Gonzalez,kevinleon@example.net,3,1,0,4.0
ca029857-e0cf-47d0-9128-779627f00a30,Taylor Perez,justin49@example.net,7,2,1,5.333333333333333
9c381e77-5541-41b1-a8a2-af0031ca8a89,Michael Harrison,reyeskenneth@example.net,4,2,3,5.0
ceebccf6-bf2c-4cdc-be82-a932041f09d8,Hannah Rowland,kwilliams@example.net,6,4,2,4.666666666666667
adf9640d-5722-4406-a1a8-ceae62121658,Jeffrey Gonzalez,judy97@example.net,5,1,1,5.0
d8750005-62b7-434b-9afa-74d16d602aea,Ryan Morris,josephwilliams@example.com,3,3,4,4.666666666666667
7aed60e7-ef26-42ab-a6b1-e3b6d562cab5,Teresa Brennan,frankpaul@example.com,5,1,7,7.0
bc790a9f-5fb2-4520-be15-6b0c1c26fa40,David Matthews,marcusorr@example.com,3,2,6,5.666666666666667
b0accae3-294a-4307-a1b4-b454566ccdbf,Larry Rodriguez,mcgrathmargaret@example.net,2,1,1,4.0
7994e54c-d5b3-4d3d-81bb-9c044fda769a,Diana Owen,hilljeff@example.com,2,4,4,4.0
fb26bf0c-36de-435c-b67b-361d1d407029,Nicholas Watts,kathleenporter@example.com,4,1,6,6.333333333333333
5854bb43-2f6b-46de-be86-fc268876a038,Brent Hanson,harrisonelizabeth@example.com,7,1,3,6.333333333333333
0cd03c75-e02e-464c-85cc-d31577eca758,Michael Jefferson,adrianmartin@example.net,3,2,0,3.6666666666666665
0b9cc976-3769-4e1a-9c8b-5ee6592ee0cb,Chris Arnold,hermanmitchell@example.org,6,3,9,7.333333333333333
dab1ee4b-c831-4965-9957-68a1b91a9a01,Matthew Dawson PhD,monica03@example.net,7,3,3,5.666666666666667
791f7a73-fe28-49c3-bcfb-d29e24d70223,Tiffany Thompson,hammondanita@example.org,4,3,9,6.666666666666667
a59caf33-86cd-4824-b95c-96f42aa40fcd,Sheri Newton,angela58@example.org,2,0,8,6.666666666666667
da4f2e99-a251-49b8-abfa-feffa8234cb8,Riley Ewing,georgeabbott@example.net,6,1,1,5.333333333333333
af947104-f7fb-4437-abd3-29ded98566ea,Jordan Davis,perrysmith@example.net,11,1,5,8.333333333333334
32748591-41cd-4c70-8c8c-fdbe7d067c06,Troy Smith,james74@example.net,2,1,4,5.0
69220ae8-1c4e-4e28-8987-3b7df89976a6,Terry Howard,eyoung@example.com,2,2,2,4.0
18a58f6c-ae7e-4ed3-8b13-05a4af03407c,Angela Tate,reginaldbaker@example.org,0,1,6,5.0
662590ef-e5e9-47aa-aca6-07e96cc3bfa1,Scott Hester,lauren17@example.net,7,2,4,6.333333333333333
ad48fff0-824a-4b36-a36d-3603b96c2992,Laura Berry,ffreeman@example.com,6,1,1,5.333333333333333
dc7c9a4d-a5c8-4626-8d98-287bafdcfd48,Kayla Yoder,smithkevin@example.com,4,0,0,4.666666666666667
cf5ccace-efb3-4d73-9859-d4200b6f5065,Claudia Novak DDS,laura95@example.net,5,3,5,5.666666666666667
cecf5ef0-baf1-467b-bd3c-e58dc04c316e,Joshua Farmer,jenna01@example.com,4,0,4,6.0
1706afa4-00c4-470f-9439-3751a7112150,Hunter Crawford,kimberlyvaughn@example.org,5,3,0,4.0
8c673987-e30b-4178-bb9b-1a34be4386f9,Benjamin Meadows,nicolewilcox@example.com,5,1,6,6.666666666666667
0a797776-af37-4867-ac7f-74b3a5111a2a,Steven Reynolds,yguzman@example.net,6,2,5,6.333333333333333
